Loop1	SHSU.bins.101
Loop1	SHSU.bins.561
Loop1	UTK_active.final.18
Loop1	SHSU_advanced.final.252
Loop1	CMU.bins.5
Loop1	SHSU.bins.175
Loop1	CMU.bins.31
Loop1	CMU.bins.224
Loop1	CMU_advanced.final.23
Loop1	SHSU.bins.556
Loop1	UTK.bins.186
Loop1	SHSU.bins.205
Loop1	CMU.bins.67
Loop1	SHSU.bins.549
Loop1	CMU.bins.43
Loop1	SHSU_active.final.134
Loop1	SHSU.bins.512
Loop1	SHSU_active.final.81
Loop1	CMU_early.final.2
Loop1	SHSU_advanced.final.129
Loop2	UTK.bins.200
Loop2	SHSU.bins.47
Loop2	SHSU_early.final.2
Loop2	CMU_advanced.final.23
Loop2	UTK.bins.162
Loop2	CMU.bins.196
Loop2	UTK.bins.84
Loop2	UTK.bins.52
Loop2	SHSU.bins.111
Loop2	SHSU.bins.240
Loop2	UTK.bins.19
Loop2	SHSU.bins.332
Loop2	SHSU_active.final.52
Loop2	CMU.bins.23
Loop2	SHSU.bins.88
Loop2	SHSU_advanced.final.47
Loop2	SHSU.bins.36
Loop2	SHSU.bins.380
Loop2	SHSU.bins.531
Loop2	SHSU.bins.358
Loop3	SHSU.bins.56
Loop3	SHSU.bins.170
Loop3	UTK.bins.77
Loop3	SHSU.bins.72
Loop3	CMU.bins.297
Loop3	CMU.bins.99
Loop3	CMU.bins.307
Loop3	SHSU.bins.22
Loop3	CMU.bins.340
Loop3	SHSU.bins.513
Loop3	SHSU.bins.289
Loop3	CMU_advanced.final.13
Loop3	CMU.bins.59
Loop3	SHSU.bins.84
Loop3	SHSU.bins.380
Loop3	SHSU.bins.162
Loop3	SHSU.bins.450
Loop3	SHSU.bins.202
Loop3	CMU_advanced.final.11
Loop3	SHSU.bins.517
Loop4	SHSU.bins.234
Loop4	CMU.bins.126
Loop4	CMU.bins.261
Loop4	SHSU.bins.263
Loop4	SHSU.bins.235
Loop4	SHSU.bins.217
Loop4	SHSU.bins.412
Loop4	CMU.bins.102
Loop4	SHSU.bins.170
Loop4	CMU.bins.199
Loop4	UTK.bins.53
Loop4	SHSU.bins.68
Loop4	UTK_active.final.44
Loop4	SHSU.bins.123
Loop4	CMU.bins.160
Loop4	UTK.bins.61
Loop4	SHSU.bins.222
Loop4	SHSU.bins.544
Loop4	CMU.bins.106
Loop4	SHSU.bins.517
Loop5	CMU_advanced.final.11
Loop5	CMU.bins.248
Loop5	CMU.bins.67
Loop5	SHSU.bins.39
Loop5	CMU.bins.23
Loop5	SHSU_active.final.134
Loop5	SHSU.bins.561
Loop5	SHSU.bins.292
Loop5	SHSU.bins.132
Loop5	SHSU.bins.403
Loop5	SHSU.bins.384
Loop5	SHSU_advanced.final.42
Loop5	CMU.bins.328
Loop5	UTK.bins.61
Loop5	SHSU.bins.178
Loop5	UTK.bins.55
Loop5	UTK.bins.126
Loop5	CMU.bins.155
Loop5	SHSU.bins.154
Loop5	SHSU.bins.238
Loop6	CMU.bins.202
Loop6	SHSU.bins.222
Loop6	UTK.bins.15
Loop6	SHSU.bins.163
Loop6	SHSU.bins.319
Loop6	SHSU.bins.5
Loop6	CMU.bins.43
Loop6	SHSU_early.final.2
Loop6	UTK.bins.33
Loop6	CMU.bins.31
Loop6	CMU.bins.160
Loop6	UTK.bins.43
Loop6	SHSU.bins.154
Loop6	SHSU_advanced.final.136
Loop6	CMU_advanced.final.13
Loop6	UTK.bins.84
Loop6	SHSU_active.final.35
Loop6	SHSU.bins.420
Loop6	SHSU.bins.72
Loop6	SHSU.bins.412
Loop7	SHSU.bins.335
Loop7	CMU.bins.204
Loop7	UTK.bins.126
Loop7	SHSU.bins.105
Loop7	SHSU.bins.477
Loop7	UTK.bins.113
Loop7	CMU.bins.124
Loop7	CMU.bins.233
Loop7	SHSU_advanced.final.181
Loop7	UTK.bins.33
Loop7	CMU.bins.171
Loop7	SHSU_advanced.final.149
Loop7	SHSU.bins.513
Loop7	SHSU.bins.5
Loop7	CMU.bins.5
Loop7	SHSU_advanced.final.69
Loop7	SHSU.bins.426
Loop7	CMU.bins.187
Loop7	SHSU.bins.162
Loop7	UTK.bins.37
Loop8	UTK.bins.50
Loop8	SHSU_advanced.final.136
Loop8	UTK.bins.183
Loop8	SHSU.bins.48
Loop8	SHSU.bins.335
Loop8	UTK.bins.143
Loop8	SHSU.bins.351
Loop8	SHSU.bins.50
Loop8	SHSU.bins.289
Loop8	SHSU.bins.354
Loop8	CMU.bins.67
Loop8	SHSU.bins.42
Loop8	SHSU.bins.201
Loop8	CMU_advanced.final.11
Loop8	SHSU.bins.380
Loop8	CMU.bins.235
Loop8	UTK.bins.92
Loop8	CMU.bins.70
Loop8	SHSU.bins.438
Loop8	SHSU_active.final.81
Loop9	SHSU.bins.13
Loop9	UTK.bins.162
Loop9	UTK.bins.192
Loop9	SHSU.bins.72
Loop9	SHSU.bins.217
Loop9	SHSU.bins.459
Loop9	SHSU_active.final.30
Loop9	SHSU.bins.118
Loop9	CMU.bins.62
Loop9	SHSU.bins.47
Loop9	SHSU.bins.260
Loop9	SHSU.bins.477
Loop9	UTK.bins.84
Loop9	SHSU.bins.48
Loop9	SHSU.bins.105
Loop9	SHSU_advanced.final.181
Loop9	SHSU.bins.402
Loop9	CMU.bins.300
Loop9	SHSU_active.final.35
Loop9	UTK.bins.33
Loop10	UTK.bins.114
Loop10	CMU.bins.126
Loop10	SHSU.bins.353
Loop10	CMU.bins.248
Loop10	UTK.bins.37
Loop10	CMU.bins.196
Loop10	SHSU.bins.59
Loop10	SHSU_advanced.final.181
Loop10	CMU_early.final.5
Loop10	SHSU.bins.195
Loop10	SHSU.bins.235
Loop10	SHSU_advanced.final.47
Loop10	SHSU_advanced.final.240
Loop10	SHSU.bins.531
Loop10	SHSU.bins.256
Loop10	SHSU_advanced.final.129
Loop10	SHSU.bins.154
Loop10	SHSU.bins.192
Loop10	SHSU.bins.335
Loop10	SHSU.bins.101
Loop11	UTK.bins.42
Loop11	CMU.bins.248
Loop11	SHSU_advanced.final.240
Loop11	CMU.bins.59
Loop11	SHSU.bins.52
Loop11	SHSU_active.final.52
Loop11	SHSU.bins.353
Loop11	UTK.bins.200
Loop11	SHSU.bins.466
Loop11	UTK_advanced.final.10
Loop11	SHSU.bins.530
Loop11	SHSU.bins.72
Loop11	SHSU.bins.561
Loop11	SHSU.bins.191
Loop11	SHSU.bins.131
Loop11	SHSU.bins.477
Loop11	UTK.bins.19
Loop11	UTK.bins.53
Loop11	CMU.bins.224
Loop11	CMU.bins.102
Loop12	CMU.bins.107
Loop12	SHSU.bins.354
Loop12	SHSU.bins.455
Loop12	SHSU.bins.195
Loop12	CMU.bins.297
Loop12	CMU.bins.261
Loop12	SHSU.bins.68
Loop12	UTK.bins.162
Loop12	SHSU.bins.438
Loop12	SHSU.bins.50
Loop12	SHSU_active.final.134
Loop12	SHSU.bins.157
Loop12	SHSU_advanced.final.153
Loop12	CMU.bins.307
Loop12	CMU.bins.31
Loop12	SHSU.bins.294
Loop12	SHSU.bins.131
Loop12	SHSU.bins.47
Loop12	SHSU.bins.246
Loop12	CMU.bins.235
Loop13	SHSU.bins.294
Loop13	SHSU.bins.39
Loop13	SHSU.bins.52
Loop13	CMU.bins.297
Loop13	CMU.bins.160
Loop13	CMU.bins.202
Loop13	UTK.bins.134
Loop13	UTK.bins.58
Loop13	CMU.bins.126
Loop13	SHSU.bins.292
Loop13	UTK.bins.162
Loop13	CMU.bins.106
Loop13	UTK.bins.50
Loop13	UTK.bins.33
Loop13	SHSU_advanced.final.149
Loop13	SHSU.bins.47
Loop13	SHSU.bins.277
Loop13	SHSU_advanced.final.136
Loop13	SHSU.bins.164
Loop13	SHSU_advanced.final.49
Loop14	SHSU.bins.149
Loop14	SHSU.bins.512
Loop14	SHSU.bins.264
Loop14	SHSU.bins.565
Loop14	CMU.bins.202
Loop14	SHSU.bins.27
Loop14	SHSU_advanced.final.260
Loop14	SHSU.bins.354
Loop14	SHSU.bins.5
Loop14	CMU_early.final.5
Loop14	SHSU.bins.384
Loop14	SHSU.bins.335
Loop14	SHSU.bins.123
Loop14	CMU.bins.196
Loop14	CMU_advanced.final.13
Loop14	CMU.bins.70
Loop14	CMU.bins.102
Loop14	SHSU.bins.101
Loop14	CMU.bins.31
Loop14	CMU.bins.247
Loop15	UTK.bins.53
Loop15	UTK.bins.92
Loop15	SHSU_advanced.final.260
Loop15	SHSU.bins.351
Loop15	UTK_active.final.44
Loop15	SHSU.bins.5
Loop15	UTK.bins.50
Loop15	CMU.bins.256
Loop15	UTK.bins.84
Loop15	SHSU_advanced.final.69
Loop15	CMU.bins.307
Loop15	SHSU.bins.163
Loop15	SHSU.bins.72
Loop15	SHSU.bins.48
Loop15	SHSU_advanced.final.227
Loop15	CMU.bins.99
Loop15	SHSU.bins.549
Loop15	SHSU.bins.68
Loop15	CMU.bins.119
Loop15	SHSU_advanced.final.129
Loop16	SHSU.bins.18
Loop16	SHSU.bins.380
Loop16	SHSU.bins.164
Loop16	SHSU.bins.84
Loop16	CMU.bins.300
Loop16	SHSU.bins.88
Loop16	UTK.bins.77
Loop16	SHSU.bins.47
Loop16	CMU.bins.261
Loop16	SHSU.bins.132
Loop16	SHSU.bins.68
Loop16	UTK.bins.134
Loop16	SHSU.bins.148
Loop16	SHSU_advanced.final.227
Loop16	SHSU.bins.105
Loop16	CMU.bins.235
Loop16	SHSU.bins.202
Loop16	CMU.bins.124
Loop16	SHSU_active.final.55
Loop16	SHSU.bins.173
Loop17	SHSU.bins.173
Loop17	UTK.bins.17
Loop17	SHSU.bins.351
Loop17	SHSU.bins.64
Loop17	SHSU.bins.332
Loop17	SHSU.bins.149
Loop17	UTK.bins.126
Loop17	SHSU.bins.84
Loop17	SHSU.bins.123
Loop17	CMU.bins.202
Loop17	CMU.bins.187
Loop17	CMU_advanced.final.23
Loop17	SHSU.bins.382
Loop17	SHSU_active.final.81
Loop17	UTK.bins.23
Loop17	SHSU.bins.294
Loop17	UTK.bins.114
Loop17	UTK_advanced.final.34
Loop17	SHSU.bins.190
Loop17	UTK.bins.200
Loop18	UTK.bins.42
Loop18	SHSU.bins.330
Loop18	CMU_advanced.final.11
Loop18	SHSU.bins.101
Loop18	UTK.bins.23
Loop18	SHSU.bins.358
Loop18	UTK.bins.192
Loop18	SHSU.bins.512
Loop18	UTK.bins.51
Loop18	SHSU.bins.192
Loop18	UTK.bins.143
Loop18	SHSU.bins.483
Loop18	CMU.bins.70
Loop18	SHSU.bins.163
Loop18	SHSU_advanced.final.260
Loop18	UTK.bins.84
Loop18	CMU.bins.62
Loop18	SHSU.bins.399
Loop18	SHSU.bins.277
Loop18	SHSU.bins.195
Loop19	SHSU.bins.123
Loop19	SHSU.bins.382
Loop19	SHSU.bins.59
Loop19	CMU.bins.202
Loop19	SHSU.bins.259
Loop19	SHSU.bins.219
Loop19	CMU.bins.126
Loop19	SHSU.bins.83
Loop19	UTK.bins.52
Loop19	SHSU.bins.264
Loop19	SHSU.bins.499
Loop19	SHSU.bins.361
Loop19	SHSU_active.final.52
Loop19	SHSU_advanced.final.183
Loop19	CMU.bins.171
Loop19	SHSU_advanced.final.149
Loop19	SHSU_advanced.final.156
Loop19	CMU.bins.102
Loop19	CMU.bins.233
Loop19	SHSU.bins.412
Loop20	SHSU.bins.499
Loop20	SHSU.bins.240
Loop20	SHSU.bins.148
Loop20	SHSU.bins.438
Loop20	SHSU.bins.40
Loop20	UTK_active.final.8
Loop20	CMU.bins.328
Loop20	SHSU.bins.190
Loop20	CMU.bins.62
Loop20	SHSU_advanced.final.156
Loop20	UTK_active.final.18
Loop20	SHSU_advanced.final.161
Loop20	SHSU.bins.56
Loop20	SHSU_advanced.final.49
Loop20	UTK_active.final.44
Loop20	SHSU.bins.276
Loop20	SHSU.bins.118
Loop20	SHSU.bins.195
Loop20	SHSU.bins.513
Loop20	CMU.bins.59
Loop21	SHSU.bins.18
Loop21	SHSU.bins.181
Loop21	SHSU.bins.50
Loop21	CMU.bins.119
Loop21	CMU.bins.249
Loop21	CMU_early.final.61
Loop21	SHSU.bins.483
Loop21	SHSU.bins.221
Loop21	SHSU.bins.380
Loop21	CMU.bins.121
Loop21	SHSU.bins.549
Loop21	UTK_active.final.44
Loop21	CMU.bins.59
Loop21	CMU.bins.31
Loop21	UTK.bins.162
Loop21	SHSU_advanced.final.35
Loop21	SHSU.bins.353
Loop21	SHSU.bins.190
Loop21	SHSU.bins.56
Loop21	SHSU.bins.234
Loop22	SHSU.bins.201
Loop22	SHSU.bins.132
Loop22	SHSU.bins.353
Loop22	CMU.bins.307
Loop22	CMU.bins.224
Loop22	SHSU_advanced.final.42
Loop22	UTK.bins.19
Loop22	CMU_active.final.59
Loop22	SHSU_advanced.final.252
Loop22	UTK.bins.107
Loop22	UTK.bins.37
Loop22	UTK.bins.71
Loop22	SHSU.bins.217
Loop22	SHSU.bins.15
Loop22	SHSU.bins.47
Loop22	SHSU_active.final.35
Loop22	SHSU.bins.154
Loop22	SHSU.bins.123
Loop22	SHSU.bins.88
Loop22	CMU.bins.5
Loop23	SHSU.bins.382
Loop23	SHSU.bins.492
Loop23	SHSU.bins.167
Loop23	SHSU.bins.513
Loop23	CMU.bins.233
Loop23	CMU.bins.146
Loop23	SHSU.bins.221
Loop23	SHSU.bins.205
Loop23	UTK.bins.15
Loop23	SHSU.bins.403
Loop23	UTK.bins.17
Loop23	SHSU.bins.39
Loop23	SHSU.bins.118
Loop23	UTK.bins.192
Loop23	SHSU.bins.175
Loop23	CMU.bins.297
Loop23	SHSU.bins.131
Loop23	SHSU.bins.499
Loop23	CMU.bins.256
Loop23	CMU.bins.252
Loop24	SHSU_advanced.final.153
Loop24	SHSU.bins.276
Loop24	CMU.bins.99
Loop24	UTK.bins.23
Loop24	SHSU_active.final.55
Loop24	SHSU.bins.173
Loop24	SHSU.bins.88
Loop24	UTK.bins.51
Loop24	CMU.bins.320
Loop24	SHSU.bins.277
Loop24	CMU.bins.297
Loop24	CMU_advanced.final.23
Loop24	SHSU.bins.393
Loop24	CMU.bins.247
Loop24	SHSU_advanced.final.252
Loop24	CMU.bins.126
Loop24	SHSU.bins.42
Loop24	SHSU.bins.191
Loop24	UTK_active.final.8
Loop24	SHSU.bins.556
Loop25	SHSU.bins.221
Loop25	SHSU.bins.483
Loop25	SHSU.bins.101
Loop25	SHSU.bins.380
Loop25	SHSU.bins.150
Loop25	SHSU.bins.192
Loop25	SHSU.bins.48
Loop25	SHSU.bins.426
Loop25	SHSU.bins.246
Loop25	SHSU.bins.205
Loop25	SHSU.bins.499
Loop25	SHSU.bins.154
Loop25	SHSU_advanced.final.260
Loop25	SHSU.bins.13
Loop25	SHSU.bins.358
Loop25	SHSU.bins.565
Loop25	SHSU.bins.530
Loop25	CMU.bins.102
Loop25	SHSU.bins.264
Loop25	SHSU.bins.79
Loop26	SHSU.bins.264
Loop26	SHSU.bins.52
Loop26	SHSU.bins.438
Loop26	UTK.bins.55
Loop26	SHSU_active.final.35
Loop26	UTK.bins.141
Loop26	SHSU.bins.329
Loop26	CMU.bins.248
Loop26	CMU.bins.59
Loop26	SHSU.bins.276
Loop26	SHSU_advanced.final.47
Loop26	SHSU.bins.84
Loop26	CMU.bins.184
Loop26	CMU.bins.256
Loop26	SHSU.bins.530
Loop26	SHSU.bins.450
Loop26	CMU.bins.130
Loop26	SHSU_active.final.81
Loop26	CMU_early.final.61
Loop26	SHSU.bins.240
Loop27	UTK.bins.55
Loop27	SHSU.bins.319
Loop27	SHSU.bins.292
Loop27	SHSU.bins.492
Loop27	SHSU.bins.131
Loop27	UTK.bins.143
Loop27	CMU.bins.184
Loop27	SHSU.bins.240
Loop27	CMU.bins.119
Loop27	SHSU.bins.40
Loop27	SHSU.bins.56
Loop27	UTK.bins.64
Loop27	CMU.bins.8
Loop27	CMU.bins.106
Loop27	SHSU.bins.512
Loop27	UTK.bins.19
Loop27	SHSU.bins.380
Loop27	SHSU.bins.68
Loop27	SHSU.bins.148
Loop27	SHSU.bins.426
Loop28	UTK_active.final.8
Loop28	UTK.bins.51
Loop28	SHSU.bins.565
Loop28	SHSU.bins.382
Loop28	CMU.bins.8
Loop28	UTK_advanced.final.10
Loop28	UTK.bins.84
Loop28	UTK.bins.183
Loop28	UTK.bins.37
Loop28	SHSU.bins.190
Loop28	CMU.bins.59
Loop28	CMU.bins.235
Loop28	CMU.bins.155
Loop28	SHSU.bins.365
Loop28	CMU.bins.300
Loop28	SHSU.bins.36
Loop28	SHSU.bins.289
Loop28	SHSU.bins.294
Loop28	UTK.bins.176
Loop28	CMU.bins.171
Loop29	CMU.bins.5
Loop29	CMU.bins.155
Loop29	UTK_active.final.44
Loop29	CMU_early.final.5
Loop29	CMU.bins.23
Loop29	SHSU.bins.292
Loop29	SHSU.bins.380
Loop29	CMU.bins.8
Loop29	SHSU.bins.329
Loop29	UTK.bins.176
Loop29	SHSU.bins.353
Loop29	UTK.bins.77
Loop29	SHSU_early.final.2
Loop29	SHSU.bins.111
Loop29	SHSU.bins.105
Loop29	UTK_active.final.8
Loop29	SHSU.bins.534
Loop29	CMU.bins.31
Loop29	SHSU.bins.59
Loop29	UTK.bins.19
Loop30	SHSU_advanced.final.69
Loop30	UTK.bins.127
Loop30	SHSU.bins.235
Loop30	SHSU.bins.450
Loop30	CMU.bins.126
Loop30	SHSU.bins.123
Loop30	SHSU.bins.131
Loop30	SHSU.bins.330
Loop30	UTK.bins.33
Loop30	SHSU_early.final.2
Loop30	SHSU.bins.204
Loop30	CMU.bins.233
Loop30	SHSU.bins.68
Loop30	UTK.bins.27
Loop30	UTK.bins.71
Loop30	SHSU.bins.84
Loop30	CMU_advanced.final.23
Loop30	SHSU.bins.59
Loop30	UTK.bins.19
Loop30	SHSU.bins.292
Loop31	UTK.bins.43
Loop31	CMU.bins.9
Loop31	SHSU.bins.466
Loop31	CMU_advanced.final.11
Loop31	SHSU.bins.294
Loop31	UTK.bins.51
Loop31	SHSU.bins.235
Loop31	SHSU.bins.167
Loop31	SHSU.bins.221
Loop31	SHSU.bins.5
Loop31	SHSU.bins.512
Loop31	SHSU.bins.402
Loop31	SHSU.bins.59
Loop31	CMU.bins.59
Loop31	UTK_active.final.8
Loop31	UTK.bins.92
Loop31	UTK.bins.77
Loop31	UTK.bins.61
Loop31	SHSU.bins.530
Loop31	SHSU.bins.201
Loop32	SHSU.bins.173
Loop32	UTK.bins.184
Loop32	SHSU.bins.59
Loop32	SHSU.bins.264
Loop32	SHSU.bins.358
Loop32	SHSU.bins.260
Loop32	SHSU.bins.181
Loop32	CMU_active.final.59
Loop32	SHSU.bins.219
Loop32	CMU.bins.171
Loop32	SHSU_advanced.final.136
Loop32	SHSU_advanced.final.161
Loop32	SHSU.bins.353
Loop32	SHSU.bins.157
Loop32	CMU.bins.224
Loop32	SHSU.bins.330
Loop32	SHSU_active.final.30
Loop32	SHSU_early.final.2
Loop32	CMU.bins.99
Loop32	CMU.bins.155
Loop33	SHSU.bins.534
Loop33	UTK.bins.171
Loop33	CMU.bins.155
Loop33	CMU.bins.181
Loop33	SHSU_advanced.final.227
Loop33	UTK.bins.77
Loop33	UTK.bins.15
Loop33	SHSU.bins.264
Loop33	UTK.bins.192
Loop33	CMU.bins.307
Loop33	UTK.bins.162
Loop33	SHSU_advanced.final.161
Loop33	UTK.bins.186
Loop33	CMU.bins.264
Loop33	CMU.bins.199
Loop33	UTK.bins.33
Loop33	SHSU.bins.154
Loop33	CMU_early.final.61
Loop33	SHSU.bins.292
Loop33	UTK.bins.42
Loop34	CMU.bins.126
Loop34	SHSU.bins.59
Loop34	SHSU.bins.84
Loop34	CMU.bins.67
Loop34	SHSU.bins.219
Loop34	SHSU.bins.483
Loop34	SHSU.bins.459
Loop34	SHSU.bins.259
Loop34	CMU.bins.328
Loop34	CMU.bins.202
Loop34	SHSU.bins.52
Loop34	SHSU.bins.150
Loop34	SHSU.bins.455
Loop34	UTK.bins.126
Loop34	SHSU.bins.105
Loop34	UTK.bins.186
Loop34	SHSU.bins.260
Loop34	CMU.bins.107
Loop34	CMU.bins.293
Loop34	SHSU.bins.513
Loop35	SHSU_advanced.final.47
Loop35	SHSU.bins.393
Loop35	CMU.bins.124
Loop35	SHSU.bins.13
Loop35	CMU.bins.144
Loop35	SHSU.bins.234
Loop35	SHSU_advanced.final.156
Loop35	UTK.bins.171
Loop35	SHSU.bins.195
Loop35	CMU.bins.181
Loop35	SHSU.bins.27
Loop35	SHSU_active.final.81
Loop35	SHSU.bins.426
Loop35	SHSU.bins.466
Loop35	SHSU.bins.565
Loop35	UTK.bins.184
Loop35	SHSU.bins.264
Loop35	SHSU.bins.150
Loop35	CMU.bins.235
Loop35	UTK.bins.162
Loop36	CMU_early.final.61
Loop36	SHSU.bins.499
Loop36	SHSU.bins.195
Loop36	SHSU.bins.330
Loop36	SHSU.bins.384
Loop36	UTK.bins.50
Loop36	SHSU.bins.56
Loop36	UTK.bins.200
Loop36	SHSU.bins.358
Loop36	SHSU.bins.27
Loop36	SHSU.bins.148
Loop36	SHSU.bins.88
Loop36	SHSU_active.final.52
Loop36	UTK_advanced.final.34
Loop36	UTK.bins.171
Loop36	SHSU.bins.15
Loop36	CMU.bins.224
Loop36	UTK.bins.37
Loop36	SHSU_active.final.81
Loop36	SHSU_advanced.final.35
Loop37	SHSU.bins.234
Loop37	SHSU.bins.111
Loop37	SHSU.bins.40
Loop37	CMU.bins.293
Loop37	SHSU.bins.402
Loop37	SHSU_active.final.30
Loop37	CMU.bins.204
Loop37	CMU.bins.59
Loop37	SHSU.bins.192
Loop37	SHSU.bins.531
Loop37	UTK.bins.200
Loop37	SHSU_advanced.final.183
Loop37	SHSU.bins.88
Loop37	SHSU_advanced.final.161
Loop37	SHSU_advanced.final.49
Loop37	CMU.bins.43
Loop37	UTK.bins.52
Loop37	SHSU.bins.217
Loop37	CMU_advanced.final.13
Loop37	UTK.bins.53
Loop38	CMU.bins.107
Loop38	UTK_active.final.26
Loop38	UTK.bins.17
Loop38	SHSU.bins.466
Loop38	SHSU.bins.48
Loop38	SHSU.bins.220
Loop38	SHSU_advanced.final.136
Loop38	SHSU_advanced.final.153
Loop38	UTK.bins.33
Loop38	SHSU.bins.68
Loop38	CMU.bins.119
Loop38	SHSU.bins.426
Loop38	UTK.bins.183
Loop38	SHSU.bins.382
Loop38	SHSU.bins.260
Loop38	SHSU_advanced.final.42
Loop38	SHSU.bins.148
Loop38	UTK.bins.55
Loop38	UTK.bins.27
Loop38	CMU.bins.249
Loop39	SHSU.bins.483
Loop39	CMU.bins.187
Loop39	SHSU.bins.351
Loop39	CMU.bins.235
Loop39	SHSU.bins.335
Loop39	SHSU_advanced.final.42
Loop39	UTK.bins.53
Loop39	CMU.bins.67
Loop39	SHSU.bins.412
Loop39	SHSU.bins.123
Loop39	SHSU.bins.132
Loop39	SHSU.bins.50
Loop39	UTK.bins.127
Loop39	UTK.bins.27
Loop39	SHSU.bins.149
Loop39	SHSU.bins.111
Loop39	SHSU.bins.162
Loop39	SHSU.bins.68
Loop39	SHSU.bins.52
Loop39	UTK.bins.141
Loop40	SHSU.bins.49
Loop40	SHSU.bins.39
Loop40	CMU.bins.297
Loop40	CMU.bins.146
Loop40	CMU.bins.340
Loop40	SHSU.bins.68
Loop40	CMU.bins.9
Loop40	SHSU.bins.88
Loop40	SHSU.bins.263
Loop40	SHSU_early.final.2
Loop40	CMU.bins.130
Loop40	UTK.bins.42
Loop40	SHSU.bins.22
Loop40	SHSU.bins.561
Loop40	SHSU.bins.111
Loop40	SHSU_advanced.final.161
Loop40	SHSU.bins.294
Loop40	SHSU.bins.238
Loop40	SHSU.bins.18
Loop40	UTK.bins.23
Loop41	CMU.bins.59
Loop41	SHSU.bins.353
Loop41	CMU.bins.328
Loop41	UTK.bins.171
Loop41	UTK.bins.64
Loop41	SHSU.bins.68
Loop41	SHSU.bins.191
Loop41	UTK.bins.192
Loop41	UTK.bins.52
Loop41	UTK.bins.141
Loop41	SHSU.bins.72
Loop41	CMU.bins.352
Loop41	SHSU.bins.513
Loop41	SHSU.bins.292
Loop41	SHSU.bins.163
Loop41	SHSU_advanced.final.240
Loop41	CMU.bins.300
Loop41	SHSU_advanced.final.42
Loop41	CMU.bins.196
Loop41	CMU.bins.297
Loop42	SHSU.bins.88
Loop42	UTK.bins.183
Loop42	UTK.bins.55
Loop42	UTK.bins.17
Loop42	SHSU.bins.27
Loop42	SHSU.bins.148
Loop42	SHSU.bins.459
Loop42	CMU.bins.256
Loop42	SHSU_advanced.final.181
Loop42	SHSU_advanced.final.260
Loop42	SHSU.bins.412
Loop42	UTK.bins.176
Loop42	SHSU.bins.351
Loop42	SHSU.bins.149
Loop42	CMU_active.final.59
Loop42	CMU_active.final.40
Loop42	UTK.bins.141
Loop42	SHSU_early.final.2
Loop42	SHSU.bins.204
Loop42	SHSU.bins.513
Loop43	SHSU.bins.403
Loop43	UTK.bins.15
Loop43	SHSU.bins.47
Loop43	SHSU.bins.221
Loop43	SHSU.bins.15
Loop43	SHSU.bins.455
Loop43	SHSU.bins.39
Loop43	SHSU.bins.195
Loop43	CMU.bins.43
Loop43	SHSU.bins.190
Loop43	SHSU.bins.353
Loop43	SHSU_advanced.final.260
Loop43	UTK.bins.53
Loop43	CMU.bins.320
Loop43	SHSU.bins.361
Loop43	CMU.bins.8
Loop43	SHSU_advanced.final.129
Loop43	SHSU.bins.186
Loop43	SHSU.bins.192
Loop43	UTK.bins.107
Loop44	CMU.bins.235
Loop44	SHSU.bins.47
Loop44	SHSU.bins.263
Loop44	CMU.bins.202
Loop44	SHSU_advanced.final.49
Loop44	UTK.bins.77
Loop44	SHSU.bins.513
Loop44	SHSU.bins.450
Loop44	SHSU.bins.84
Loop44	SHSU.bins.36
Loop44	CMU.bins.247
Loop44	SHSU.bins.361
Loop44	SHSU_advanced.final.153
Loop44	SHSU_advanced.final.183
Loop44	SHSU.bins.79
Loop44	CMU.bins.204
Loop44	SHSU.bins.68
Loop44	SHSU_active.final.30
Loop44	SHSU.bins.549
Loop44	SHSU.bins.154
Loop45	SHSU.bins.513
Loop45	UTK.bins.51
Loop45	SHSU.bins.402
Loop45	SHSU.bins.277
Loop45	SHSU_advanced.final.149
Loop45	CMU.bins.187
Loop45	UTK_active.final.26
Loop45	SHSU.bins.453
Loop45	SHSU.bins.84
Loop45	SHSU.bins.499
Loop45	SHSU_advanced.final.47
Loop45	SHSU.bins.205
Loop45	CMU.bins.107
Loop45	UTK.bins.64
Loop45	SHSU.bins.335
Loop45	SHSU.bins.15
Loop45	UTK.bins.200
Loop45	SHSU.bins.319
Loop45	CMU.bins.307
Loop45	CMU.bins.216
Loop46	SHSU.bins.365
Loop46	SHSU.bins.544
Loop46	SHSU_advanced.final.35
Loop46	CMU.bins.320
Loop46	UTK.bins.52
Loop46	SHSU.bins.154
Loop46	CMU.bins.199
Loop46	SHSU.bins.240
Loop46	UTK_active.final.26
Loop46	SHSU_active.final.30
Loop46	CMU.bins.293
Loop46	SHSU.bins.565
Loop46	CMU.bins.160
Loop46	SHSU.bins.382
Loop46	CMU.bins.307
Loop46	SHSU.bins.530
Loop46	UTK.bins.64
Loop46	UTK.bins.84
Loop46	SHSU_advanced.final.156
Loop46	CMU.bins.264
Loop47	SHSU_active.final.35
Loop47	CMU.bins.248
Loop47	SHSU.bins.403
Loop47	UTK.bins.33
Loop47	SHSU.bins.48
Loop47	SHSU.bins.453
Loop47	UTK.bins.143
Loop47	CMU.bins.204
Loop47	SHSU.bins.531
Loop47	CMU_active.final.40
Loop47	UTK.bins.126
Loop47	UTK.bins.64
Loop47	SHSU.bins.384
Loop47	SHSU.bins.499
Loop47	SHSU.bins.84
Loop47	SHSU.bins.154
Loop47	CMU.bins.146
Loop47	CMU.bins.59
Loop47	SHSU.bins.220
Loop47	SHSU.bins.455
Loop48	SHSU.bins.438
Loop48	SHSU.bins.426
Loop48	SHSU.bins.556
Loop48	CMU.bins.233
Loop48	SHSU.bins.222
Loop48	SHSU.bins.531
Loop48	CMU.bins.124
Loop48	UTK.bins.55
Loop48	SHSU.bins.22
Loop48	SHSU.bins.163
Loop48	SHSU.bins.534
Loop48	CMU.bins.146
Loop48	UTK.bins.107
Loop48	SHSU_advanced.final.181
Loop48	SHSU.bins.384
Loop48	SHSU.bins.52
Loop48	SHSU_active.final.55
Loop48	CMU.bins.249
Loop48	SHSU.bins.530
Loop48	UTK.bins.77
Loop49	SHSU.bins.365
Loop49	SHSU_active.final.52
Loop49	UTK.bins.162
Loop49	SHSU.bins.246
Loop49	UTK.bins.52
Loop49	SHSU.bins.173
Loop49	SHSU.bins.499
Loop49	SHSU.bins.48
Loop49	SHSU.bins.420
Loop49	CMU.bins.106
Loop49	CMU.bins.155
Loop49	CMU.bins.43
Loop49	CMU.bins.184
Loop49	CMU.bins.102
Loop49	SHSU.bins.267
Loop49	SHSU_active.final.30
Loop49	SHSU.bins.263
Loop49	UTK_active.final.44
Loop49	SHSU.bins.15
Loop49	CMU.bins.130
Loop50	SHSU.bins.175
Loop50	UTK.bins.15
Loop50	CMU.bins.126
Loop50	CMU.bins.43
Loop50	UTK_active.final.44
Loop50	UTK.bins.143
Loop50	SHSU_active.final.134
Loop50	CMU.bins.184
Loop50	SHSU_active.final.30
Loop50	SHSU.bins.13
Loop50	CMU.bins.171
Loop50	SHSU.bins.49
Loop50	SHSU.bins.335
Loop50	SHSU.bins.420
Loop50	SHSU_advanced.final.129
Loop50	SHSU.bins.277
Loop50	SHSU.bins.118
Loop50	SHSU.bins.164
Loop50	UTK.bins.162
Loop50	UTK.bins.58
Loop51	SHSU.bins.420
Loop51	SHSU.bins.450
Loop51	SHSU.bins.353
Loop51	CMU_early.final.5
Loop51	SHSU.bins.50
Loop51	UTK.bins.127
Loop51	UTK.bins.55
Loop51	SHSU.bins.132
Loop51	UTK.bins.17
Loop51	SHSU.bins.351
Loop51	SHSU.bins.222
Loop51	UTK.bins.176
Loop51	CMU.bins.23
Loop51	UTK.bins.171
Loop51	SHSU.bins.531
Loop51	SHSU_advanced.final.153
Loop51	SHSU_active.final.55
Loop51	SHSU.bins.123
Loop51	SHSU.bins.220
Loop51	SHSU.bins.157
Loop52	CMU.bins.8
Loop52	SHSU.bins.170
Loop52	CMU.bins.256
Loop52	CMU.bins.23
Loop52	UTK.bins.43
Loop52	SHSU_advanced.final.252
Loop52	CMU.bins.70
Loop52	SHSU.bins.264
Loop52	SHSU.bins.39
Loop52	SHSU.bins.260
Loop52	CMU.bins.59
Loop52	CMU.bins.297
Loop52	UTK.bins.58
Loop52	SHSU.bins.132
Loop52	SHSU.bins.289
Loop52	SHSU.bins.204
Loop52	SHSU.bins.384
Loop52	UTK.bins.183
Loop52	SHSU.bins.393
Loop52	SHSU.bins.549
Loop53	SHSU.bins.455
Loop53	SHSU.bins.83
Loop53	SHSU.bins.221
Loop53	SHSU.bins.191
Loop53	SHSU_advanced.final.240
Loop53	SHSU.bins.565
Loop53	SHSU.bins.201
Loop53	UTK.bins.134
Loop53	SHSU.bins.68
Loop53	SHSU.bins.483
Loop53	UTK.bins.50
Loop53	UTK.bins.61
Loop53	UTK.bins.162
Loop53	SHSU.bins.190
Loop53	SHSU.bins.466
Loop53	SHSU.bins.18
Loop53	SHSU.bins.549
Loop53	CMU.bins.264
Loop53	SHSU.bins.49
Loop53	SHSU.bins.259
Loop54	SHSU.bins.399
Loop54	UTK.bins.176
Loop54	SHSU_advanced.final.136
Loop54	CMU.bins.233
Loop54	UTK_active.final.26
Loop54	UTK.bins.107
Loop54	SHSU_early.final.2
Loop54	SHSU_active.final.52
Loop54	SHSU.bins.204
Loop54	UTK_active.final.8
Loop54	SHSU_advanced.final.149
Loop54	UTK.bins.55
Loop54	SHSU.bins.220
Loop54	SHSU.bins.354
Loop54	SHSU.bins.477
Loop54	UTK.bins.50
Loop54	SHSU.bins.565
Loop54	SHSU.bins.294
Loop54	CMU.bins.328
Loop54	SHSU_advanced.final.227
Loop55	CMU.bins.199
Loop55	SHSU.bins.351
Loop55	SHSU.bins.277
Loop55	SHSU.bins.48
Loop55	CMU.bins.59
Loop55	SHSU.bins.118
Loop55	CMU.bins.204
Loop55	SHSU.bins.83
Loop55	SHSU.bins.64
Loop55	UTK_advanced.final.34
Loop55	UTK.bins.184
Loop55	UTK.bins.71
Loop55	CMU.bins.119
Loop55	CMU.bins.252
Loop55	UTK.bins.171
Loop55	UTK.bins.143
Loop55	SHSU.bins.39
Loop55	CMU.bins.124
Loop55	CMU.bins.62
Loop55	UTK_active.final.26
Loop56	SHSU.bins.412
Loop56	CMU.bins.300
Loop56	CMU.bins.247
Loop56	SHSU_early.final.2
Loop56	UTK_active.final.8
Loop56	SHSU_advanced.final.49
Loop56	SHSU.bins.499
Loop56	SHSU.bins.42
Loop56	CMU.bins.5
Loop56	UTK.bins.171
Loop56	SHSU.bins.132
Loop56	SHSU.bins.530
Loop56	SHSU.bins.289
Loop56	SHSU.bins.455
Loop56	SHSU.bins.64
Loop56	SHSU.bins.477
Loop56	SHSU_advanced.final.260
Loop56	SHSU.bins.50
Loop56	SHSU.bins.450
Loop56	SHSU.bins.56
Loop57	SHSU_advanced.final.161
Loop57	SHSU.bins.459
Loop57	CMU.bins.5
Loop57	CMU.bins.181
Loop57	SHSU.bins.384
Loop57	SHSU.bins.64
Loop57	UTK.bins.64
Loop57	SHSU.bins.319
Loop57	UTK.bins.127
Loop57	SHSU.bins.513
Loop57	SHSU_advanced.final.69
Loop57	UTK.bins.141
Loop57	UTK.bins.15
Loop57	SHSU.bins.36
Loop57	SHSU.bins.190
Loop57	SHSU.bins.220
Loop57	CMU_advanced.final.23
Loop57	SHSU.bins.263
Loop57	UTK.bins.27
Loop57	SHSU.bins.72
Loop58	UTK.bins.107
Loop58	UTK.bins.143
Loop58	SHSU.bins.123
Loop58	CMU.bins.320
Loop58	UTK.bins.43
Loop58	SHSU.bins.202
Loop58	SHSU_advanced.final.260
Loop58	SHSU.bins.455
Loop58	UTK.bins.55
Loop58	SHSU.bins.39
Loop58	SHSU.bins.466
Loop58	UTK.bins.17
Loop58	UTK.bins.171
Loop58	SHSU.bins.191
Loop58	SHSU_advanced.final.252
Loop58	SHSU.bins.438
Loop58	SHSU.bins.42
Loop58	SHSU.bins.131
Loop58	CMU.bins.249
Loop58	UTK_active.final.26
Loop59	SHSU.bins.450
Loop59	SHSU_active.final.52
Loop59	SHSU.bins.118
Loop59	SHSU.bins.382
Loop59	SHSU.bins.277
Loop59	UTK.bins.27
Loop59	SHSU.bins.235
Loop59	SHSU.bins.123
Loop59	CMU_early.final.2
Loop59	SHSU.bins.150
Loop59	UTK.bins.114
Loop59	SHSU.bins.234
Loop59	SHSU.bins.335
Loop59	SHSU.bins.170
Loop59	CMU_early.final.5
Loop59	SHSU.bins.330
Loop59	SHSU.bins.163
Loop59	SHSU_active.final.35
Loop59	UTK.bins.77
Loop59	SHSU.bins.402
Loop60	SHSU.bins.517
Loop60	UTK.bins.114
Loop60	SHSU.bins.50
Loop60	UTK.bins.52
Loop60	UTK.bins.84
Loop60	SHSU.bins.455
Loop60	CMU_advanced.final.13
Loop60	SHSU.bins.382
Loop60	CMU.bins.171
Loop60	CMU.bins.187
Loop60	SHSU_advanced.final.42
Loop60	SHSU.bins.453
Loop60	SHSU.bins.79
Loop60	SHSU.bins.175
Loop60	SHSU_advanced.final.240
Loop60	UTK.bins.61
Loop60	CMU.bins.224
Loop60	SHSU.bins.15
Loop60	CMU.bins.107
Loop60	SHSU_active.final.81
Loop61	SHSU_advanced.final.252
Loop61	SHSU.bins.455
Loop61	SHSU_active.final.81
Loop61	SHSU.bins.40
Loop61	SHSU.bins.235
Loop61	UTK.bins.17
Loop61	SHSU.bins.319
Loop61	SHSU_early.final.2
Loop61	SHSU.bins.534
Loop61	CMU_advanced.final.23
Loop61	CMU_early.final.5
Loop61	CMU.bins.249
Loop61	UTK.bins.126
Loop61	UTK.bins.192
Loop61	SHSU.bins.380
Loop61	SHSU.bins.393
Loop61	SHSU.bins.512
Loop61	UTK.bins.64
Loop61	SHSU_advanced.final.69
Loop61	SHSU_advanced.final.181
Loop62	SHSU.bins.240
Loop62	CMU.bins.124
Loop62	SHSU.bins.150
Loop62	SHSU.bins.256
Loop62	CMU_advanced.final.13
Loop62	UTK.bins.42
Loop62	UTK_advanced.final.34
Loop62	UTK.bins.127
Loop62	SHSU.bins.466
Loop62	SHSU.bins.72
Loop62	UTK.bins.200
Loop62	UTK.bins.50
Loop62	SHSU.bins.549
Loop62	UTK.bins.114
Loop62	SHSU.bins.531
Loop62	UTK_active.final.8
Loop62	CMU.bins.107
Loop62	UTK.bins.84
Loop62	SHSU.bins.162
Loop62	CMU.bins.8
Loop63	SHSU.bins.15
Loop63	SHSU_advanced.final.49
Loop63	SHSU_active.final.134
Loop63	SHSU.bins.544
Loop63	SHSU_advanced.final.136
Loop63	SHSU.bins.420
Loop63	SHSU.bins.88
Loop63	SHSU_active.final.55
Loop63	CMU.bins.8
Loop63	SHSU.bins.238
Loop63	CMU.bins.43
Loop63	CMU.bins.320
Loop63	SHSU.bins.162
Loop63	SHSU.bins.399
Loop63	SHSU.bins.455
Loop63	SHSU.bins.5
Loop63	SHSU.bins.89
Loop63	UTK.bins.51
Loop63	UTK.bins.200
Loop63	SHSU.bins.68
Loop64	SHSU.bins.483
Loop64	CMU.bins.307
Loop64	SHSU.bins.131
Loop64	UTK.bins.61
Loop64	SHSU.bins.221
Loop64	SHSU_advanced.final.136
Loop64	SHSU.bins.534
Loop64	CMU.bins.261
Loop64	SHSU.bins.219
Loop64	UTK.bins.113
Loop64	UTK.bins.143
Loop64	SHSU.bins.531
Loop64	CMU.bins.70
Loop64	SHSU.bins.190
Loop64	SHSU.bins.48
Loop64	SHSU.bins.512
Loop64	SHSU_advanced.final.153
Loop64	SHSU_active.final.52
Loop64	SHSU.bins.163
Loop64	SHSU.bins.178
Loop65	UTK.bins.19
Loop65	SHSU.bins.544
Loop65	UTK.bins.186
Loop65	CMU.bins.328
Loop65	SHSU_advanced.final.37
Loop65	SHSU.bins.36
Loop65	SHSU.bins.453
Loop65	SHSU.bins.154
Loop65	SHSU.bins.22
Loop65	SHSU.bins.534
Loop65	CMU_early.final.61
Loop65	UTK_active.final.26
Loop65	CMU.bins.224
Loop65	SHSU.bins.353
Loop65	SHSU_advanced.final.153
Loop65	SHSU.bins.238
Loop65	CMU.bins.9
Loop65	SHSU_advanced.final.181
Loop65	SHSU.bins.412
Loop65	SHSU.bins.513
Loop66	CMU.bins.43
Loop66	CMU.bins.248
Loop66	CMU.bins.130
Loop66	SHSU.bins.186
Loop66	CMU.bins.249
Loop66	SHSU.bins.162
Loop66	SHSU_active.final.55
Loop66	SHSU.bins.517
Loop66	SHSU_advanced.final.183
Loop66	SHSU_advanced.final.260
Loop66	UTK.bins.23
Loop66	SHSU.bins.88
Loop66	UTK.bins.33
Loop66	CMU.bins.8
Loop66	SHSU.bins.105
Loop66	SHSU.bins.330
Loop66	SHSU.bins.459
Loop66	SHSU.bins.393
Loop66	SHSU.bins.565
Loop66	SHSU.bins.264
Loop67	CMU.bins.155
Loop67	SHSU.bins.170
Loop67	CMU.bins.328
Loop67	SHSU_active.final.35
Loop67	SHSU.bins.13
Loop67	CMU.bins.130
Loop67	SHSU_advanced.final.37
Loop67	CMU.bins.320
Loop67	SHSU.bins.319
Loop67	CMU.bins.126
Loop67	SHSU.bins.361
Loop67	SHSU.bins.88
Loop67	SHSU.bins.289
Loop67	CMU.bins.181
Loop67	SHSU.bins.56
Loop67	SHSU.bins.39
Loop67	SHSU.bins.162
Loop67	SHSU_active.final.134
Loop67	UTK.bins.50
Loop67	SHSU.bins.477
Loop68	UTK_advanced.final.34
Loop68	SHSU_advanced.final.183
Loop68	SHSU_advanced.final.156
Loop68	SHSU.bins.426
Loop68	SHSU.bins.294
Loop68	SHSU.bins.477
Loop68	SHSU_active.final.81
Loop68	SHSU.bins.259
Loop68	SHSU.bins.403
Loop68	SHSU.bins.561
Loop68	CMU.bins.119
Loop68	SHSU.bins.556
Loop68	CMU_advanced.final.11
Loop68	CMU_early.final.5
Loop68	CMU.bins.102
Loop68	SHSU.bins.202
Loop68	UTK.bins.84
Loop68	SHSU.bins.27
Loop68	CMU.bins.184
Loop68	CMU.bins.340
Loop69	CMU.bins.307
Loop69	CMU.bins.124
Loop69	SHSU.bins.234
Loop69	SHSU.bins.47
Loop69	SHSU.bins.89
Loop69	SHSU.bins.530
Loop69	SHSU.bins.263
Loop69	SHSU.bins.123
Loop69	SHSU.bins.18
Loop69	SHSU.bins.36
Loop69	UTK_active.final.18
Loop69	CMU.bins.107
Loop69	SHSU.bins.173
Loop69	SHSU.bins.517
Loop69	CMU_active.final.40
Loop69	UTK.bins.33
Loop69	CMU.bins.199
Loop69	CMU.bins.187
Loop69	CMU.bins.320
Loop69	CMU_early.final.61
Loop70	SHSU.bins.384
Loop70	CMU.bins.31
Loop70	CMU.bins.62
Loop70	UTK.bins.143
Loop70	SHSU.bins.118
Loop70	SHSU_advanced.final.227
Loop70	UTK.bins.92
Loop70	UTK.bins.53
Loop70	CMU.bins.320
Loop70	SHSU.bins.191
Loop70	SHSU.bins.450
Loop70	UTK.bins.141
Loop70	SHSU_advanced.final.49
Loop70	SHSU.bins.459
Loop70	SHSU.bins.83
Loop70	SHSU.bins.88
Loop70	CMU.bins.249
Loop70	SHSU.bins.393
Loop70	SHSU.bins.513
Loop70	CMU.bins.247
Loop71	SHSU.bins.235
Loop71	SHSU.bins.264
Loop71	UTK.bins.55
Loop71	CMU.bins.59
Loop71	SHSU.bins.173
Loop71	SHSU.bins.192
Loop71	SHSU_advanced.final.156
Loop71	SHSU.bins.292
Loop71	SHSU.bins.513
Loop71	SHSU.bins.330
Loop71	CMU_advanced.final.13
Loop71	CMU.bins.124
Loop71	UTK.bins.71
Loop71	SHSU.bins.294
Loop71	CMU.bins.256
Loop71	CMU.bins.43
Loop71	SHSU.bins.40
Loop71	CMU.bins.146
Loop71	SHSU.bins.48
Loop71	CMU.bins.199
Loop72	SHSU.bins.235
Loop72	SHSU.bins.191
Loop72	CMU_early.final.2
Loop72	UTK_active.final.44
Loop72	SHSU.bins.365
Loop72	SHSU_advanced.final.252
Loop72	SHSU.bins.13
Loop72	SHSU.bins.277
Loop72	CMU.bins.23
Loop72	UTK.bins.162
Loop72	SHSU.bins.49
Loop72	SHSU.bins.47
Loop72	SHSU.bins.426
Loop72	SHSU.bins.131
Loop72	CMU.bins.320
Loop72	SHSU.bins.170
Loop72	SHSU.bins.393
Loop72	SHSU.bins.531
Loop72	SHSU.bins.36
Loop72	SHSU.bins.89
Loop73	SHSU.bins.15
Loop73	CMU.bins.107
Loop73	SHSU.bins.264
Loop73	UTK.bins.162
Loop73	CMU.bins.23
Loop73	UTK.bins.126
Loop73	SHSU.bins.72
Loop73	UTK.bins.184
Loop73	SHSU.bins.175
Loop73	UTK.bins.107
Loop73	CMU.bins.184
Loop73	SHSU_advanced.final.227
Loop73	CMU.bins.247
Loop73	CMU.bins.126
Loop73	UTK.bins.58
Loop73	SHSU.bins.148
Loop73	SHSU.bins.164
Loop73	CMU.bins.181
Loop73	SHSU.bins.234
Loop73	SHSU_advanced.final.181
Loop74	UTK.bins.184
Loop74	SHSU.bins.402
Loop74	CMU.bins.252
Loop74	SHSU.bins.276
Loop74	UTK.bins.15
Loop74	CMU.bins.184
Loop74	SHSU.bins.332
Loop74	CMU.bins.352
Loop74	SHSU.bins.173
Loop74	SHSU.bins.238
Loop74	CMU.bins.31
Loop74	CMU_advanced.final.13
Loop74	SHSU_advanced.final.35
Loop74	SHSU.bins.154
Loop74	CMU.bins.144
Loop74	CMU.bins.187
Loop74	SHSU.bins.353
Loop74	SHSU.bins.256
Loop74	SHSU_advanced.final.181
Loop74	SHSU.bins.361
Loop75	SHSU.bins.354
Loop75	CMU.bins.300
Loop75	SHSU.bins.173
Loop75	SHSU.bins.365
Loop75	UTK.bins.200
Loop75	UTK.bins.23
Loop75	SHSU_advanced.final.35
Loop75	SHSU_advanced.final.69
Loop75	SHSU.bins.402
Loop75	UTK.bins.71
Loop75	SHSU.bins.384
Loop75	SHSU.bins.544
Loop75	SHSU.bins.83
Loop75	SHSU.bins.5
Loop75	UTK.bins.127
Loop75	SHSU.bins.167
Loop75	SHSU.bins.204
Loop75	SHSU.bins.289
Loop75	SHSU.bins.483
Loop75	UTK.bins.17
Loop76	SHSU.bins.420
Loop76	CMU.bins.99
Loop76	SHSU.bins.88
Loop76	UTK.bins.55
Loop76	SHSU.bins.358
Loop76	SHSU.bins.531
Loop76	CMU.bins.252
Loop76	SHSU.bins.15
Loop76	SHSU.bins.534
Loop76	UTK.bins.186
Loop76	SHSU.bins.118
Loop76	CMU.bins.216
Loop76	SHSU.bins.240
Loop76	SHSU.bins.56
Loop76	CMU.bins.224
Loop76	UTK.bins.64
Loop76	SHSU.bins.353
Loop76	SHSU.bins.561
Loop76	SHSU.bins.221
Loop76	SHSU.bins.47
Loop77	CMU.bins.126
Loop77	SHSU.bins.259
Loop77	SHSU_active.final.55
Loop77	SHSU.bins.354
Loop77	SHSU.bins.105
Loop77	UTK.bins.55
Loop77	UTK.bins.92
Loop77	SHSU.bins.13
Loop77	CMU_advanced.final.11
Loop77	CMU.bins.340
Loop77	SHSU.bins.361
Loop77	CMU.bins.300
Loop77	SHSU.bins.565
Loop77	UTK.bins.184
Loop77	SHSU.bins.453
Loop77	CMU.bins.352
Loop77	CMU.bins.155
Loop77	SHSU.bins.170
Loop77	SHSU.bins.40
Loop77	SHSU.bins.403
Loop78	CMU.bins.252
Loop78	CMU.bins.264
Loop78	UTK.bins.19
Loop78	SHSU.bins.330
Loop78	SHSU.bins.353
Loop78	UTK.bins.127
Loop78	UTK.bins.114
Loop78	SHSU.bins.220
Loop78	SHSU.bins.118
Loop78	SHSU.bins.150
Loop78	UTK.bins.64
Loop78	SHSU.bins.361
Loop78	SHSU.bins.186
Loop78	SHSU.bins.64
Loop78	SHSU.bins.235
Loop78	UTK.bins.23
Loop78	SHSU.bins.544
Loop78	SHSU_active.final.30
Loop78	UTK.bins.53
Loop78	CMU_active.final.40
Loop79	UTK.bins.19
Loop79	SHSU_advanced.final.252
Loop79	SHSU.bins.499
Loop79	SHSU.bins.256
Loop79	UTK.bins.42
Loop79	UTK.bins.27
Loop79	SHSU.bins.84
Loop79	SHSU_advanced.final.161
Loop79	CMU.bins.320
Loop79	SHSU.bins.531
Loop79	SHSU.bins.219
Loop79	CMU.bins.70
Loop79	CMU.bins.199
Loop79	CMU_advanced.final.11
Loop79	SHSU.bins.384
Loop79	UTK.bins.33
Loop79	SHSU.bins.329
Loop79	UTK.bins.71
Loop79	CMU.bins.130
Loop79	CMU.bins.5
Loop80	SHSU.bins.131
Loop80	UTK.bins.37
Loop80	UTK_active.final.8
Loop80	SHSU.bins.149
Loop80	SHSU.bins.64
Loop80	SHSU.bins.412
Loop80	CMU.bins.121
Loop80	SHSU.bins.89
Loop80	SHSU_advanced.final.69
Loop80	SHSU.bins.221
Loop80	SHSU.bins.101
Loop80	UTK.bins.143
Loop80	SHSU.bins.36
Loop80	SHSU.bins.384
Loop80	SHSU.bins.162
Loop80	SHSU.bins.382
Loop80	UTK_active.final.18
Loop80	SHSU.bins.260
Loop80	SHSU.bins.353
Loop80	SHSU.bins.220
Loop81	CMU.bins.340
Loop81	SHSU.bins.48
Loop81	UTK_advanced.final.10
Loop81	SHSU.bins.163
Loop81	SHSU.bins.42
Loop81	UTK.bins.107
Loop81	CMU.bins.187
Loop81	SHSU_advanced.final.252
Loop81	CMU.bins.196
Loop81	SHSU.bins.531
Loop81	SHSU.bins.154
Loop81	CMU.bins.59
Loop81	SHSU.bins.420
Loop81	CMU.bins.31
Loop81	CMU.bins.181
Loop81	UTK.bins.33
Loop81	UTK.bins.15
Loop81	CMU.bins.171
Loop81	UTK.bins.134
Loop81	CMU.bins.23
Loop82	CMU.bins.224
Loop82	CMU_early.final.5
Loop82	SHSU.bins.118
Loop82	SHSU.bins.393
Loop82	UTK.bins.53
Loop82	SHSU.bins.105
Loop82	UTK.bins.52
Loop82	SHSU.bins.167
Loop82	CMU.bins.8
Loop82	SHSU.bins.186
Loop82	CMU.bins.67
Loop82	UTK.bins.183
Loop82	CMU.bins.235
Loop82	SHSU.bins.59
Loop82	SHSU.bins.221
Loop82	SHSU.bins.531
Loop82	SHSU.bins.111
Loop82	SHSU.bins.399
Loop82	SHSU.bins.412
Loop82	UTK_active.final.44
Loop83	SHSU.bins.549
Loop83	UTK.bins.23
Loop83	SHSU.bins.205
Loop83	SHSU.bins.260
Loop83	SHSU.bins.517
Loop83	CMU.bins.146
Loop83	SHSU.bins.36
Loop83	SHSU.bins.56
Loop83	CMU.bins.224
Loop83	SHSU_advanced.final.183
Loop83	SHSU.bins.294
Loop83	SHSU.bins.354
Loop83	CMU_early.final.5
Loop83	SHSU.bins.18
Loop83	UTK.bins.17
Loop83	SHSU.bins.380
Loop83	CMU.bins.235
Loop83	UTK.bins.61
Loop83	SHSU_active.final.134
Loop83	UTK.bins.186
Loop84	CMU.bins.352
Loop84	SHSU.bins.101
Loop84	SHSU.bins.402
Loop84	SHSU.bins.220
Loop84	SHSU.bins.365
Loop84	SHSU_early.final.2
Loop84	CMU.bins.181
Loop84	CMU.bins.293
Loop84	SHSU.bins.351
Loop84	SHSU.bins.72
Loop84	CMU_advanced.final.13
Loop84	CMU.bins.307
Loop84	CMU_early.final.2
Loop84	CMU.bins.248
Loop84	CMU.bins.130
Loop84	SHSU.bins.202
Loop84	SHSU.bins.499
Loop84	SHSU.bins.221
Loop84	CMU.bins.23
Loop84	UTK.bins.127
Loop85	UTK.bins.126
Loop85	SHSU.bins.466
Loop85	SHSU.bins.561
Loop85	SHSU.bins.190
Loop85	CMU.bins.293
Loop85	SHSU.bins.335
Loop85	SHSU.bins.267
Loop85	SHSU.bins.186
Loop85	CMU.bins.187
Loop85	CMU.bins.160
Loop85	CMU.bins.181
Loop85	SHSU.bins.222
Loop85	UTK.bins.50
Loop85	SHSU.bins.354
Loop85	CMU.bins.261
Loop85	SHSU.bins.195
Loop85	SHSU_advanced.final.161
Loop85	SHSU.bins.234
Loop85	CMU.bins.307
Loop85	UTK.bins.200
Loop86	UTK.bins.52
Loop86	SHSU.bins.148
Loop86	SHSU.bins.68
Loop86	CMU.bins.352
Loop86	CMU.bins.5
Loop86	SHSU.bins.393
Loop86	SHSU.bins.101
Loop86	CMU_active.final.59
Loop86	UTK.bins.61
Loop86	SHSU.bins.191
Loop86	CMU.bins.264
Loop86	SHSU_advanced.final.129
Loop86	SHSU.bins.105
Loop86	SHSU.bins.466
Loop86	CMU_early.final.61
Loop86	SHSU_active.final.35
Loop86	UTK.bins.141
Loop86	UTK.bins.183
Loop86	UTK.bins.134
Loop86	UTK.bins.27
Loop87	CMU_advanced.final.23
Loop87	SHSU.bins.205
Loop87	SHSU.bins.204
Loop87	SHSU.bins.49
Loop87	CMU.bins.320
Loop87	UTK.bins.17
Loop87	CMU.bins.70
Loop87	UTK.bins.162
Loop87	SHSU.bins.235
Loop87	SHSU.bins.513
Loop87	CMU.bins.202
Loop87	SHSU.bins.48
Loop87	UTK.bins.27
Loop87	CMU_advanced.final.11
Loop87	CMU_active.final.59
Loop87	SHSU_advanced.final.153
Loop87	SHSU_advanced.final.69
Loop87	UTK.bins.71
Loop87	SHSU_advanced.final.260
Loop87	UTK.bins.127
Loop88	UTK.bins.143
Loop88	UTK.bins.61
Loop88	SHSU.bins.132
Loop88	SHSU.bins.167
Loop88	CMU.bins.126
Loop88	SHSU.bins.201
Loop88	SHSU.bins.217
Loop88	SHSU.bins.354
Loop88	SHSU.bins.219
Loop88	CMU.bins.252
Loop88	SHSU.bins.88
Loop88	CMU_advanced.final.23
Loop88	SHSU.bins.18
Loop88	CMU.bins.171
Loop88	CMU.bins.144
Loop88	SHSU.bins.186
Loop88	CMU.bins.249
Loop88	CMU.bins.99
Loop88	SHSU.bins.150
Loop88	UTK.bins.200
Loop89	CMU.bins.70
Loop89	CMU.bins.130
Loop89	CMU.bins.261
Loop89	SHSU.bins.105
Loop89	SHSU_advanced.final.37
Loop89	UTK.bins.134
Loop89	SHSU.bins.13
Loop89	CMU_advanced.final.23
Loop89	SHSU.bins.191
Loop89	CMU.bins.307
Loop89	CMU.bins.160
Loop89	SHSU.bins.64
Loop89	UTK.bins.43
Loop89	SHSU.bins.132
Loop89	SHSU.bins.27
Loop89	SHSU.bins.202
Loop89	UTK.bins.114
Loop89	SHSU.bins.277
Loop89	CMU.bins.144
Loop89	SHSU.bins.175
Loop90	UTK.bins.126
Loop90	CMU.bins.233
Loop90	UTK.bins.64
Loop90	SHSU.bins.149
Loop90	SHSU.bins.118
Loop90	CMU_advanced.final.11
Loop90	SHSU.bins.267
Loop90	SHSU.bins.48
Loop90	SHSU.bins.240
Loop90	SHSU.bins.79
Loop90	SHSU.bins.201
Loop90	CMU_advanced.final.13
Loop90	SHSU_advanced.final.37
Loop90	CMU.bins.124
Loop90	UTK.bins.184
Loop90	SHSU.bins.330
Loop90	UTK.bins.71
Loop90	UTK.bins.200
Loop90	SHSU.bins.39
Loop90	SHSU.bins.36
Loop91	UTK.bins.141
Loop91	CMU.bins.199
Loop91	SHSU_advanced.final.227
Loop91	CMU.bins.293
Loop91	SHSU.bins.48
Loop91	SHSU.bins.5
Loop91	SHSU.bins.412
Loop91	SHSU.bins.561
Loop91	SHSU.bins.88
Loop91	SHSU.bins.154
Loop91	SHSU.bins.289
Loop91	SHSU.bins.219
Loop91	CMU_advanced.final.11
Loop91	CMU.bins.187
Loop91	UTK.bins.200
Loop91	SHSU.bins.170
Loop91	SHSU.bins.84
Loop91	CMU.bins.107
Loop91	SHSU.bins.453
Loop91	SHSU_advanced.final.35
Loop92	UTK.bins.23
Loop92	SHSU_advanced.final.136
Loop92	CMU.bins.8
Loop92	SHSU.bins.402
Loop92	SHSU.bins.123
Loop92	UTK.bins.126
Loop92	SHSU.bins.220
Loop92	UTK.bins.186
Loop92	UTK.bins.77
Loop92	SHSU.bins.72
Loop92	UTK.bins.71
Loop92	CMU.bins.328
Loop92	CMU.bins.62
Loop92	SHSU.bins.256
Loop92	SHSU.bins.399
Loop92	SHSU.bins.89
Loop92	SHSU.bins.335
Loop92	CMU.bins.340
Loop92	SHSU.bins.149
Loop92	CMU.bins.261
Loop93	CMU.bins.9
Loop93	SHSU.bins.544
Loop93	CMU_early.final.5
Loop93	SHSU.bins.18
Loop93	CMU.bins.187
Loop93	SHSU.bins.13
Loop93	SHSU_active.final.81
Loop93	SHSU.bins.195
Loop93	SHSU.bins.178
Loop93	CMU.bins.160
Loop93	UTK.bins.15
Loop93	SHSU_advanced.final.252
Loop93	SHSU.bins.154
Loop93	SHSU.bins.335
Loop93	SHSU.bins.190
Loop93	SHSU.bins.402
Loop93	UTK_advanced.final.10
Loop93	SHSU_advanced.final.35
Loop93	SHSU.bins.561
Loop93	CMU.bins.202
Loop94	SHSU.bins.88
Loop94	SHSU.bins.40
Loop94	SHSU.bins.556
Loop94	CMU.bins.320
Loop94	SHSU.bins.118
Loop94	SHSU.bins.534
Loop94	SHSU.bins.83
Loop94	SHSU.bins.240
Loop94	CMU.bins.99
Loop94	UTK.bins.33
Loop94	CMU.bins.62
Loop94	CMU.bins.23
Loop94	SHSU.bins.181
Loop94	SHSU.bins.260
Loop94	UTK.bins.113
Loop94	SHSU.bins.36
Loop94	SHSU.bins.292
Loop94	SHSU.bins.72
Loop94	CMU.bins.328
Loop94	SHSU.bins.426
Loop95	CMU.bins.252
Loop95	UTK.bins.15
Loop95	SHSU.bins.154
Loop95	UTK.bins.19
Loop95	SHSU.bins.453
Loop95	SHSU.bins.222
Loop95	CMU.bins.59
Loop95	SHSU.bins.330
Loop95	UTK.bins.183
Loop95	CMU.bins.196
Loop95	UTK.bins.77
Loop95	CMU.bins.187
Loop95	SHSU.bins.319
Loop95	SHSU_advanced.final.227
Loop95	CMU.bins.233
Loop95	SHSU_advanced.final.149
Loop95	UTK_active.final.8
Loop95	SHSU.bins.561
Loop95	SHSU.bins.358
Loop95	CMU.bins.102
Loop96	SHSU.bins.42
Loop96	SHSU.bins.292
Loop96	SHSU_advanced.final.153
Loop96	UTK.bins.17
Loop96	SHSU.bins.170
Loop96	SHSU.bins.332
Loop96	SHSU.bins.157
Loop96	SHSU_advanced.final.136
Loop96	SHSU.bins.167
Loop96	CMU_early.final.5
Loop96	SHSU.bins.259
Loop96	UTK.bins.71
Loop96	SHSU.bins.175
Loop96	SHSU.bins.150
Loop96	SHSU.bins.513
Loop96	SHSU_advanced.final.129
Loop96	UTK.bins.183
Loop96	CMU.bins.99
Loop96	SHSU.bins.466
Loop96	CMU.bins.297
Loop97	SHSU.bins.221
Loop97	SHSU.bins.111
Loop97	CMU.bins.261
Loop97	SHSU.bins.289
Loop97	SHSU.bins.22
Loop97	CMU.bins.106
Loop97	SHSU.bins.27
Loop97	CMU.bins.320
Loop97	CMU.bins.121
Loop97	UTK.bins.114
Loop97	SHSU_active.final.52
Loop97	CMU.bins.171
Loop97	UTK.bins.192
Loop97	SHSU.bins.42
Loop97	CMU.bins.235
Loop97	SHSU.bins.5
Loop97	CMU.bins.8
Loop97	SHSU_advanced.final.37
Loop97	CMU.bins.202
Loop97	UTK.bins.200
Loop98	SHSU.bins.192
Loop98	SHSU.bins.18
Loop98	UTK.bins.52
Loop98	SHSU.bins.27
Loop98	SHSU.bins.556
Loop98	CMU.bins.247
Loop98	CMU.bins.256
Loop98	SHSU.bins.59
Loop98	UTK.bins.171
Loop98	SHSU.bins.294
Loop98	CMU.bins.297
Loop98	UTK.bins.186
Loop98	UTK.bins.126
Loop98	SHSU_advanced.final.69
Loop98	SHSU.bins.83
Loop98	SHSU_active.final.55
Loop98	CMU.bins.307
Loop98	CMU.bins.126
Loop98	UTK.bins.162
Loop98	CMU.bins.171
Loop99	SHSU.bins.402
Loop99	SHSU.bins.221
Loop99	SHSU.bins.483
Loop99	SHSU.bins.42
Loop99	UTK.bins.162
Loop99	UTK.bins.51
Loop99	SHSU.bins.40
Loop99	SHSU.bins.466
Loop99	UTK.bins.58
Loop99	CMU_advanced.final.11
Loop99	SHSU.bins.264
Loop99	SHSU.bins.59
Loop99	SHSU.bins.89
Loop99	SHSU_advanced.final.35
Loop99	SHSU.bins.39
Loop99	UTK.bins.127
Loop99	SHSU.bins.420
Loop99	SHSU.bins.267
Loop99	CMU.bins.235
Loop99	SHSU.bins.455
Loop100	SHSU.bins.5
Loop100	SHSU.bins.531
Loop100	UTK.bins.37
Loop100	SHSU.bins.186
Loop100	CMU.bins.264
Loop100	UTK.bins.27
Loop100	SHSU_advanced.final.153
Loop100	UTK.bins.64
Loop100	SHSU.bins.459
Loop100	SHSU.bins.393
Loop100	SHSU.bins.157
Loop100	CMU.bins.8
Loop100	SHSU.bins.167
Loop100	SHSU.bins.517
Loop100	SHSU.bins.534
Loop100	SHSU.bins.220
Loop100	SHSU.bins.205
Loop100	SHSU.bins.256
Loop100	SHSU.bins.59
Loop100	UTK.bins.15
