Loop1	CMU.bins.293
Loop1	UTK.bins.84
Loop1	CMU_early.final.5
Loop1	SHSU.bins.167
Loop1	CMU.bins.248
Loop1	SHSU.bins.118
Loop1	SHSU.bins.565
Loop1	SHSU.bins.353
Loop1	UTK.bins.17
Loop1	CMU.bins.199
Loop1	SHSU.bins.336
Loop1	SHSU_advanced.final.181
Loop1	SHSU.bins.195
Loop1	SHSU.bins.222
Loop1	UTK.bins.15
Loop1	UTK.bins.134
Loop1	SHSU_advanced.final.35
Loop1	SHSU.bins.191
Loop1	CMU_early.final.2
Loop1	SHSU.bins.260
Loop2	CMU.bins.196
Loop2	CMU.bins.144
Loop2	SHSU.bins.443
Loop2	SHSU.bins.453
Loop2	CMU.bins.249
Loop2	UTK.bins.162
Loop2	SHSU.bins.562
Loop2	UTK.bins.53
Loop2	SHSU.bins.221
Loop2	UTK.bins.134
Loop2	CMU.bins.99
Loop2	SHSU.bins.240
Loop2	SHSU.bins.118
Loop2	CMU.bins.8
Loop2	SHSU.bins.512
Loop2	SHSU.bins.84
Loop2	SHSU.bins.132
Loop2	UTK.bins.23
Loop2	UTK.bins.176
Loop2	SHSU.bins.292
Loop3	UTK_active.final.44
Loop3	UTK.bins.15
Loop3	SHSU.bins.358
Loop3	SHSU.bins.64
Loop3	UTK.bins.58
Loop3	CMU.bins.130
Loop3	SHSU_advanced.final.42
Loop3	SHSU_advanced.final.240
Loop3	SHSU.bins.157
Loop3	SHSU_advanced.final.183
Loop3	SHSU.bins.562
Loop3	UTK.bins.61
Loop3	CMU.bins.187
Loop3	SHSU.bins.336
Loop3	UTK.bins.162
Loop3	SHSU.bins.329
Loop3	SHSU.bins.384
Loop3	SHSU.bins.89
Loop3	SHSU_advanced.final.198
Loop3	SHSU_advanced.final.170
Loop4	SHSU.bins.13
Loop4	SHSU.bins.403
Loop4	CMU.bins.300
Loop4	UTK.bins.192
Loop4	UTK.bins.92
Loop4	SHSU.bins.56
Loop4	SHSU.bins.477
Loop4	SHSU_advanced.final.124
Loop4	UTK.bins.55
Loop4	SHSU.bins.181
Loop4	CMU_early.final.61
Loop4	UTK.bins.141
Loop4	SHSU.bins.319
Loop4	SHSU.bins.455
Loop4	SHSU.bins.330
Loop4	SHSU.bins.162
Loop4	SHSU.bins.353
Loop4	CMU.bins.293
Loop4	CMU.bins.297
Loop4	SHSU.bins.294
Loop5	UTK.bins.27
Loop5	UTK.bins.134
Loop5	SHSU.bins.332
Loop5	SHSU.bins.399
Loop5	SHSU_active.final.30
Loop5	SHSU.bins.219
Loop5	SHSU_active.final.55
Loop5	SHSU.bins.246
Loop5	SHSU.bins.477
Loop5	UTK.bins.51
Loop5	CMU.bins.235
Loop5	SHSU.bins.47
Loop5	SHSU.bins.335
Loop5	SHSU.bins.52
Loop5	CMU.bins.352
Loop5	SHSU.bins.205
Loop5	CMU_active.final.59
Loop5	SHSU_advanced.final.170
Loop5	SHSU.bins.517
Loop5	SHSU_advanced.final.129
Loop6	SHSU.bins.455
Loop6	SHSU.bins.319
Loop6	UTK.bins.92
Loop6	UTK.bins.43
Loop6	UTK.bins.15
Loop6	SHSU_advanced.final.35
Loop6	SHSU.bins.154
Loop6	SHSU.bins.221
Loop6	SHSU_advanced.final.42
Loop6	SHSU.bins.403
Loop6	SHSU_advanced.final.156
Loop6	CMU.bins.249
Loop6	CMU_active.final.40
Loop6	SHSU.bins.175
Loop6	CMU.bins.144
Loop6	CMU.bins.43
Loop6	SHSU.bins.173
Loop6	SHSU.bins.47
Loop6	SHSU.bins.276
Loop6	SHSU.bins.263
Loop7	SHSU_advanced.final.49
Loop7	SHSU.bins.131
Loop7	SHSU.bins.420
Loop7	SHSU.bins.562
Loop7	SHSU.bins.84
Loop7	CMU.bins.107
Loop7	CMU.bins.67
Loop7	CMU.bins.202
Loop7	UTK.bins.52
Loop7	UTK.bins.162
Loop7	SHSU.bins.450
Loop7	UTK_advanced.final.34
Loop7	SHSU_advanced.final.124
Loop7	UTK.bins.92
Loop7	SHSU.bins.455
Loop7	CMU.bins.144
Loop7	SHSU_advanced.final.42
Loop7	SHSU.bins.118
Loop7	CMU.bins.8
Loop7	CMU_advanced.final.11
Loop8	CMU.bins.67
Loop8	SHSU.bins.335
Loop8	UTK.bins.58
Loop8	SHSU.bins.192
Loop8	CMU.bins.352
Loop8	CMU.bins.300
Loop8	UTK.bins.55
Loop8	SHSU.bins.256
Loop8	SHSU.bins.483
Loop8	CMU_advanced.final.23
Loop8	SHSU.bins.263
Loop8	CMU.bins.5
Loop8	SHSU_advanced.final.153
Loop8	SHSU.bins.466
Loop8	SHSU_advanced.final.252
Loop8	UTK.bins.27
Loop8	SHSU.bins.561
Loop8	SHSU.bins.513
Loop8	SHSU.bins.49
Loop8	UTK.bins.113
Loop9	SHSU_advanced.final.161
Loop9	CMU.bins.130
Loop9	CMU.bins.124
Loop9	SHSU.bins.403
Loop9	UTK_active.final.8
Loop9	SHSU.bins.5
Loop9	SHSU.bins.335
Loop9	CMU_advanced.final.11
Loop9	SHSU.bins.221
Loop9	SHSU.bins.453
Loop9	SHSU.bins.267
Loop9	SHSU.bins.181
Loop9	SHSU.bins.336
Loop9	SHSU.bins.264
Loop9	SHSU_advanced.final.181
Loop9	SHSU.bins.201
Loop9	CMU.bins.340
Loop9	SHSU.bins.402
Loop9	UTK_advanced.final.10
Loop9	SHSU_active.final.134
Loop10	SHSU_advanced.final.260
Loop10	SHSU.bins.123
Loop10	SHSU_early.final.2
Loop10	CMU.bins.352
Loop10	SHSU.bins.162
Loop10	SHSU.bins.361
Loop10	SHSU.bins.402
Loop10	UTK.bins.17
Loop10	SHSU.bins.18
Loop10	SHSU.bins.221
Loop10	SHSU.bins.13
Loop10	UTK.bins.58
Loop10	SHSU.bins.205
Loop10	SHSU.bins.455
Loop10	CMU.bins.202
Loop10	SHSU.bins.40
Loop10	SHSU.bins.88
Loop10	CMU_early.final.2
Loop10	CMU.bins.155
Loop10	CMU_advanced.final.23
Loop11	SHSU.bins.221
Loop11	SHSU.bins.40
Loop11	CMU.bins.340
Loop11	SHSU_advanced.final.240
Loop11	SHSU.bins.353
Loop11	UTK_active.final.18
Loop11	SHSU.bins.459
Loop11	UTK.bins.184
Loop11	CMU.bins.31
Loop11	SHSU.bins.483
Loop11	SHSU.bins.36
Loop11	UTK.bins.143
Loop11	SHSU.bins.111
Loop11	CMU.bins.70
Loop11	SHSU.bins.335
Loop11	CMU_advanced.final.11
Loop11	SHSU.bins.234
Loop11	SHSU.bins.277
Loop11	UTK.bins.17
Loop11	SHSU.bins.393
Loop12	SHSU.bins.562
Loop12	SHSU.bins.52
Loop12	SHSU.bins.204
Loop12	UTK.bins.192
Loop12	SHSU.bins.267
Loop12	SHSU.bins.150
Loop12	CMU.bins.121
Loop12	SHSU.bins.88
Loop12	SHSU.bins.426
Loop12	SHSU.bins.235
Loop12	SHSU.bins.264
Loop12	SHSU.bins.18
Loop12	CMU.bins.43
Loop12	SHSU_active.final.134
Loop12	UTK.bins.126
Loop12	CMU.bins.144
Loop12	UTK.bins.171
Loop12	UTK.bins.17
Loop12	UTK.bins.183
Loop12	UTK.bins.19
Loop13	SHSU_advanced.final.183
Loop13	SHSU_active.final.52
Loop13	SHSU.bins.195
Loop13	SHSU.bins.380
Loop13	SHSU_advanced.final.124
Loop13	SHSU.bins.438
Loop13	UTK.bins.58
Loop13	SHSU.bins.217
Loop13	SHSU_advanced.final.42
Loop13	SHSU_active.final.134
Loop13	UTK.bins.134
Loop13	SHSU.bins.451
Loop13	UTK.bins.127
Loop13	SHSU.bins.22
Loop13	SHSU.bins.544
Loop13	SHSU.bins.512
Loop13	SHSU.bins.36
Loop13	CMU.bins.181
Loop13	SHSU_active.final.35
Loop13	SHSU.bins.531
Loop14	SHSU.bins.562
Loop14	CMU.bins.99
Loop14	UTK.bins.50
Loop14	SHSU_advanced.final.124
Loop14	CMU.bins.160
Loop14	SHSU.bins.148
Loop14	SHSU.bins.173
Loop14	SHSU.bins.382
Loop14	CMU.bins.59
Loop14	SHSU.bins.222
Loop14	SHSU.bins.453
Loop14	SHSU.bins.195
Loop14	SHSU_advanced.final.129
Loop14	CMU.bins.297
Loop14	UTK.bins.23
Loop14	SHSU.bins.330
Loop14	UTK.bins.127
Loop14	SHSU.bins.329
Loop14	UTK.bins.33
Loop14	UTK_advanced.final.34
Loop15	SHSU_active.final.134
Loop15	SHSU.bins.173
Loop15	CMU.bins.248
Loop15	SHSU.bins.170
Loop15	CMU.bins.328
Loop15	SHSU.bins.443
Loop15	SHSU.bins.235
Loop15	UTK.bins.61
Loop15	CMU.bins.31
Loop15	SHSU_advanced.final.49
Loop15	UTK.bins.143
Loop15	CMU.bins.233
Loop15	CMU.bins.261
Loop15	SHSU.bins.150
Loop15	UTK.bins.127
Loop15	CMU.bins.155
Loop15	SHSU.bins.178
Loop15	UTK.bins.53
Loop15	CMU_early.final.5
Loop15	UTK.bins.55
Loop16	CMU.bins.300
Loop16	SHSU.bins.72
Loop16	SHSU.bins.79
Loop16	SHSU_early.final.2
Loop16	SHSU.bins.512
Loop16	UTK.bins.53
Loop16	SHSU.bins.36
Loop16	UTK.bins.176
Loop16	SHSU.bins.380
Loop16	SHSU.bins.222
Loop16	SHSU.bins.105
Loop16	SHSU.bins.83
Loop16	SHSU.bins.123
Loop16	SHSU.bins.240
Loop16	UTK.bins.19
Loop16	SHSU.bins.455
Loop16	UTK.bins.17
Loop16	CMU.bins.102
Loop16	CMU.bins.261
Loop16	CMU.bins.307
Loop17	SHSU.bins.329
Loop17	CMU.bins.144
Loop17	SHSU_active.final.55
Loop17	SHSU.bins.84
Loop17	CMU.bins.99
Loop17	CMU.bins.130
Loop17	SHSU.bins.450
Loop17	SHSU.bins.412
Loop17	CMU.bins.199
Loop17	SHSU.bins.149
Loop17	SHSU.bins.256
Loop17	SHSU.bins.154
Loop17	UTK.bins.37
Loop17	UTK.bins.186
Loop17	CMU.bins.70
Loop17	SHSU.bins.276
Loop17	CMU.bins.126
Loop17	SHSU.bins.5
Loop17	SHSU.bins.219
Loop17	SHSU_active.final.52
Loop18	UTK.bins.113
Loop18	SHSU.bins.36
Loop18	CMU_early.final.2
Loop18	UTK.bins.17
Loop18	UTK.bins.84
Loop18	SHSU.bins.286
Loop18	CMU.bins.187
Loop18	SHSU_advanced.final.252
Loop18	SHSU.bins.412
Loop18	SHSU.bins.336
Loop18	CMU.bins.106
Loop18	UTK.bins.50
Loop18	SHSU.bins.175
Loop18	SHSU_advanced.final.124
Loop18	CMU.bins.119
Loop18	SHSU.bins.237
Loop18	SHSU.bins.71
Loop18	SHSU.bins.393
Loop18	CMU_early.final.5
Loop18	SHSU.bins.455
Loop19	SHSU.bins.561
Loop19	SHSU.bins.402
Loop19	CMU.bins.252
Loop19	UTK_advanced.final.10
Loop19	SHSU.bins.205
Loop19	CMU.bins.124
Loop19	SHSU.bins.277
Loop19	UTK.bins.53
Loop19	CMU.bins.70
Loop19	CMU.bins.184
Loop19	CMU_advanced.final.11
Loop19	SHSU.bins.181
Loop19	SHSU.bins.221
Loop19	SHSU.bins.483
Loop19	UTK.bins.186
Loop19	SHSU.bins.154
Loop19	CMU.bins.146
Loop19	SHSU.bins.351
Loop19	SHSU_active.final.52
Loop19	UTK.bins.84
Loop20	SHSU.bins.79
Loop20	SHSU.bins.330
Loop20	SHSU.bins.101
Loop20	CMU.bins.224
Loop20	UTK.bins.134
Loop20	SHSU.bins.204
Loop20	UTK.bins.92
Loop20	UTK.bins.162
Loop20	SHSU.bins.163
Loop20	SHSU.bins.83
Loop20	SHSU.bins.47
Loop20	SHSU.bins.42
Loop20	CMU.bins.67
Loop20	SHSU_advanced.final.153
Loop20	SHSU_advanced.final.252
Loop20	SHSU_advanced.final.183
Loop20	CMU_advanced.final.23
Loop20	SHSU.bins.438
Loop20	SHSU.bins.399
Loop20	SHSU.bins.477
Loop21	UTK.bins.134
Loop21	CMU.bins.261
Loop21	SHSU_active.final.35
Loop21	CMU.bins.340
Loop21	CMU.bins.328
Loop21	UTK.bins.176
Loop21	UTK.bins.141
Loop21	SHSU.bins.336
Loop21	CMU.bins.184
Loop21	SHSU.bins.39
Loop21	SHSU.bins.79
Loop21	SHSU.bins.330
Loop21	SHSU.bins.132
Loop21	UTK_active.final.8
Loop21	SHSU.bins.56
Loop21	SHSU.bins.332
Loop21	UTK.bins.186
Loop21	UTK.bins.127
Loop21	SHSU.bins.68
Loop21	CMU.bins.352
Loop22	SHSU_advanced.final.206
Loop22	UTK.bins.176
Loop22	SHSU.bins.157
Loop22	SHSU.bins.336
Loop22	SHSU_advanced.final.240
Loop22	SHSU.bins.420
Loop22	CMU.bins.320
Loop22	SHSU_early.final.2
Loop22	CMU.bins.293
Loop22	SHSU.bins.148
Loop22	SHSU.bins.15
Loop22	SHSU.bins.459
Loop22	SHSU.bins.354
Loop22	UTK.bins.84
Loop22	UTK.bins.64
Loop22	SHSU.bins.455
Loop22	SHSU.bins.351
Loop22	SHSU.bins.353
Loop22	SHSU.bins.220
Loop22	CMU.bins.126
Loop23	SHSU.bins.170
Loop23	CMU.bins.144
Loop23	CMU.bins.256
Loop23	UTK.bins.58
Loop23	SHSU.bins.531
Loop23	SHSU.bins.111
Loop23	CMU.bins.160
Loop23	SHSU_advanced.final.181
Loop23	CMU.bins.352
Loop23	CMU_advanced.final.23
Loop23	SHSU.bins.221
Loop23	SHSU.bins.259
Loop23	SHSU.bins.256
Loop23	CMU.bins.196
Loop23	CMU.bins.171
Loop23	CMU.bins.5
Loop23	UTK.bins.162
Loop23	SHSU_advanced.final.198
Loop23	SHSU.bins.101
Loop23	CMU.bins.204
Loop24	CMU.bins.264
Loop24	SHSU.bins.466
Loop24	UTK_active.final.44
Loop24	SHSU.bins.181
Loop24	UTK.bins.200
Loop24	UTK.bins.113
Loop24	CMU.bins.235
Loop24	CMU.bins.248
Loop24	SHSU.bins.157
Loop24	SHSU.bins.335
Loop24	SHSU_advanced.final.129
Loop24	UTK.bins.64
Loop24	SHSU.bins.420
Loop24	UTK.bins.92
Loop24	SHSU_advanced.final.198
Loop24	CMU.bins.130
Loop24	CMU.bins.297
Loop24	SHSU.bins.40
Loop24	SHSU_active.final.81
Loop24	SHSU.bins.190
Loop25	UTK.bins.134
Loop25	UTK.bins.143
Loop25	SHSU.bins.549
Loop25	SHSU.bins.329
Loop25	SHSU.bins.412
Loop25	SHSU.bins.164
Loop25	SHSU_advanced.final.183
Loop25	SHSU_advanced.final.42
Loop25	SHSU_advanced.final.49
Loop25	CMU.bins.102
Loop25	SHSU.bins.354
Loop25	SHSU.bins.72
Loop25	SHSU.bins.443
Loop25	SHSU.bins.358
Loop25	SHSU.bins.202
Loop25	CMU.bins.256
Loop25	SHSU.bins.530
Loop25	SHSU_advanced.final.149
Loop25	UTK_active.final.18
Loop25	SHSU_active.final.50
Loop26	SHSU.bins.238
Loop26	SHSU.bins.111
Loop26	SHSU.bins.131
Loop26	UTK.bins.23
Loop26	SHSU_advanced.final.124
Loop26	CMU_active.final.40
Loop26	SHSU.bins.420
Loop26	CMU.bins.107
Loop26	UTK.bins.143
Loop26	SHSU_advanced.final.153
Loop26	SHSU.bins.289
Loop26	UTK_active.final.18
Loop26	SHSU_advanced.final.37
Loop26	UTK_active.final.26
Loop26	SHSU.bins.492
Loop26	SHSU.bins.15
Loop26	UTK.bins.84
Loop26	SHSU.bins.459
Loop26	SHSU.bins.260
Loop26	SHSU.bins.531
Loop27	SHSU.bins.148
Loop27	CMU.bins.9
Loop27	CMU.bins.102
Loop27	UTK_active.final.18
Loop27	CMU.bins.62
Loop27	CMU.bins.340
Loop27	UTK.bins.127
Loop27	CMU.bins.160
Loop27	SHSU.bins.47
Loop27	SHSU.bins.549
Loop27	UTK.bins.77
Loop27	CMU.bins.297
Loop27	CMU_active.final.59
Loop27	SHSU_advanced.final.252
Loop27	SHSU.bins.544
Loop27	CMU.bins.196
Loop27	CMU.bins.235
Loop27	SHSU.bins.276
Loop27	SHSU.bins.267
Loop27	SHSU_active.final.52
Loop28	UTK.bins.171
Loop28	SHSU.bins.549
Loop28	CMU.bins.233
Loop28	SHSU.bins.105
Loop28	SHSU.bins.131
Loop28	UTK.bins.17
Loop28	SHSU.bins.402
Loop28	SHSU.bins.101
Loop28	SHSU.bins.157
Loop28	SHSU.bins.173
Loop28	SHSU_advanced.final.183
Loop28	SHSU.bins.72
Loop28	SHSU.bins.84
Loop28	SHSU.bins.399
Loop28	UTK.bins.15
Loop28	CMU.bins.23
Loop28	SHSU.bins.565
Loop28	SHSU_active.final.139
Loop28	CMU.bins.171
Loop28	UTK.bins.58
Loop29	SHSU.bins.101
Loop29	SHSU.bins.40
Loop29	SHSU_advanced.final.161
Loop29	CMU_active.final.59
Loop29	CMU.bins.235
Loop29	UTK.bins.55
Loop29	CMU.bins.249
Loop29	SHSU.bins.52
Loop29	CMU.bins.8
Loop29	SHSU.bins.131
Loop29	SHSU.bins.181
Loop29	SHSU.bins.201
Loop29	CMU.bins.171
Loop29	UTK.bins.33
Loop29	SHSU.bins.15
Loop29	CMU.bins.121
Loop29	CMU.bins.247
Loop29	CMU.bins.202
Loop29	CMU.bins.261
Loop29	SHSU.bins.123
Loop30	UTK.bins.64
Loop30	SHSU.bins.332
Loop30	SHSU.bins.163
Loop30	SHSU.bins.438
Loop30	CMU_active.final.59
Loop30	UTK.bins.53
Loop30	UTK_active.final.26
Loop30	CMU.bins.196
Loop30	CMU.bins.204
Loop30	SHSU.bins.52
Loop30	CMU.bins.256
Loop30	SHSU_active.final.52
Loop30	CMU.bins.199
Loop30	SHSU.bins.534
Loop30	UTK_active.final.44
Loop30	SHSU.bins.403
Loop30	SHSU.bins.276
Loop30	CMU.bins.328
Loop30	UTK.bins.183
Loop30	SHSU.bins.455
Loop31	CMU.bins.235
Loop31	SHSU.bins.149
Loop31	CMU.bins.5
Loop31	SHSU.bins.59
Loop31	SHSU.bins.235
Loop31	CMU.bins.256
Loop31	SHSU.bins.380
Loop31	SHSU_advanced.final.124
Loop31	SHSU.bins.517
Loop31	CMU.bins.224
Loop31	CMU.bins.102
Loop31	SHSU.bins.565
Loop31	UTK_advanced.final.10
Loop31	CMU.bins.320
Loop31	CMU.bins.248
Loop31	UTK.bins.61
Loop31	SHSU.bins.260
Loop31	SHSU.bins.561
Loop31	SHSU.bins.292
Loop31	SHSU.bins.204
Loop32	CMU.bins.300
Loop32	CMU.bins.124
Loop32	SHSU_early.final.2
Loop32	SHSU_active.final.139
Loop32	SHSU.bins.336
Loop32	SHSU.bins.380
Loop32	SHSU.bins.173
Loop32	UTK.bins.134
Loop32	SHSU.bins.221
Loop32	SHSU_advanced.final.124
Loop32	CMU.bins.5
Loop32	SHSU.bins.335
Loop32	CMU.bins.352
Loop32	UTK.bins.107
Loop32	UTK.bins.61
Loop32	UTK.bins.84
Loop32	SHSU.bins.565
Loop32	SHSU.bins.443
Loop32	UTK.bins.43
Loop32	SHSU.bins.455
Loop33	SHSU.bins.148
Loop33	SHSU.bins.492
Loop33	SHSU.bins.15
Loop33	SHSU.bins.72
Loop33	CMU_active.final.59
Loop33	SHSU.bins.443
Loop33	SHSU.bins.384
Loop33	SHSU.bins.238
Loop33	SHSU.bins.49
Loop33	UTK_active.final.26
Loop33	CMU.bins.155
Loop33	SHSU_advanced.final.181
Loop33	UTK_active.final.8
Loop33	CMU.bins.9
Loop33	SHSU.bins.565
Loop33	UTK.bins.42
Loop33	UTK.bins.176
Loop33	CMU.bins.23
Loop33	SHSU_advanced.final.156
Loop33	SHSU.bins.79
Loop34	SHSU.bins.59
Loop34	SHSU_advanced.final.206
Loop34	UTK.bins.114
Loop34	SHSU.bins.455
Loop34	SHSU.bins.15
Loop34	SHSU_advanced.final.156
Loop34	SHSU.bins.399
Loop34	SHSU.bins.175
Loop34	SHSU_advanced.final.181
Loop34	SHSU.bins.264
Loop34	CMU.bins.233
Loop34	SHSU_advanced.final.198
Loop34	CMU_early.final.5
Loop34	SHSU.bins.220
Loop34	CMU.bins.204
Loop34	SHSU.bins.294
Loop34	SHSU.bins.276
Loop34	SHSU.bins.22
Loop34	SHSU.bins.267
Loop34	SHSU.bins.164
Loop35	SHSU.bins.492
Loop35	CMU.bins.297
Loop35	SHSU.bins.393
Loop35	UTK.bins.23
Loop35	SHSU_advanced.final.124
Loop35	CMU.bins.70
Loop35	SHSU.bins.132
Loop35	SHSU.bins.36
Loop35	SHSU.bins.438
Loop35	SHSU.bins.15
Loop35	SHSU.bins.39
Loop35	SHSU.bins.361
Loop35	UTK.bins.127
Loop35	CMU_advanced.final.13
Loop35	SHSU.bins.48
Loop35	UTK.bins.64
Loop35	CMU.bins.252
Loop35	UTK.bins.183
Loop35	CMU.bins.320
Loop35	SHSU.bins.204
Loop36	UTK.bins.127
Loop36	SHSU.bins.222
Loop36	SHSU.bins.123
Loop36	CMU.bins.261
Loop36	SHSU.bins.556
Loop36	SHSU.bins.56
Loop36	CMU.bins.320
Loop36	SHSU.bins.204
Loop36	SHSU.bins.205
Loop36	SHSU.bins.192
Loop36	SHSU.bins.264
Loop36	SHSU.bins.131
Loop36	SHSU_advanced.final.35
Loop36	CMU.bins.247
Loop36	SHSU_early.final.2
Loop36	CMU.bins.235
Loop36	SHSU.bins.162
Loop36	SHSU.bins.83
Loop36	CMU.bins.62
Loop36	SHSU.bins.277
Loop37	SHSU.bins.294
Loop37	SHSU.bins.202
Loop37	SHSU.bins.71
Loop37	SHSU.bins.186
Loop37	SHSU.bins.420
Loop37	SHSU.bins.517
Loop37	SHSU_advanced.final.42
Loop37	SHSU.bins.204
Loop37	SHSU.bins.399
Loop37	SHSU.bins.412
Loop37	SHSU.bins.83
Loop37	SHSU.bins.443
Loop37	SHSU.bins.89
Loop37	SHSU.bins.438
Loop37	CMU.bins.352
Loop37	SHSU.bins.22
Loop37	SHSU.bins.382
Loop37	SHSU.bins.221
Loop37	SHSU.bins.50
Loop37	UTK.bins.184
Loop38	SHSU_advanced.final.49
Loop38	SHSU.bins.131
Loop38	SHSU.bins.89
Loop38	SHSU.bins.173
Loop38	SHSU_advanced.final.47
Loop38	SHSU.bins.335
Loop38	SHSU.bins.402
Loop38	SHSU.bins.56
Loop38	SHSU.bins.234
Loop38	UTK.bins.50
Loop38	UTK.bins.19
Loop38	SHSU_active.final.52
Loop38	SHSU.bins.330
Loop38	SHSU.bins.49
Loop38	SHSU_advanced.final.136
Loop38	SHSU.bins.123
Loop38	CMU.bins.62
Loop38	SHSU.bins.412
Loop38	SHSU.bins.22
Loop38	SHSU.bins.238
Loop39	CMU.bins.181
Loop39	SHSU.bins.259
Loop39	SHSU.bins.365
Loop39	CMU.bins.31
Loop39	SHSU.bins.513
Loop39	SHSU_advanced.final.198
Loop39	SHSU.bins.167
Loop39	CMU.bins.256
Loop39	UTK_advanced.final.10
Loop39	SHSU.bins.49
Loop39	CMU.bins.160
Loop39	SHSU.bins.565
Loop39	SHSU.bins.84
Loop39	CMU.bins.249
Loop39	SHSU.bins.380
Loop39	SHSU.bins.534
Loop39	SHSU.bins.201
Loop39	SHSU_advanced.final.156
Loop39	SHSU.bins.240
Loop39	CMU.bins.146
Loop40	SHSU.bins.354
Loop40	SHSU_advanced.final.240
Loop40	CMU.bins.59
Loop40	CMU.bins.247
Loop40	SHSU.bins.263
Loop40	SHSU.bins.71
Loop40	SHSU.bins.264
Loop40	UTK.bins.143
Loop40	CMU.bins.352
Loop40	UTK.bins.184
Loop40	SHSU_active.final.81
Loop40	CMU.bins.43
Loop40	SHSU.bins.186
Loop40	UTK.bins.42
Loop40	SHSU.bins.221
Loop40	CMU.bins.224
Loop40	SHSU_advanced.final.37
Loop40	CMU.bins.328
Loop40	CMU.bins.8
Loop40	CMU.bins.181
Loop41	UTK_advanced.final.34
Loop41	SHSU.bins.459
Loop41	SHSU.bins.263
Loop41	SHSU.bins.351
Loop41	SHSU.bins.150
Loop41	UTK.bins.192
Loop41	CMU.bins.300
Loop41	SHSU.bins.101
Loop41	SHSU.bins.438
Loop41	SHSU.bins.477
Loop41	SHSU_advanced.final.206
Loop41	UTK.bins.50
Loop41	CMU.bins.155
Loop41	SHSU.bins.336
Loop41	SHSU.bins.48
Loop41	SHSU.bins.201
Loop41	UTK.bins.58
Loop41	SHSU.bins.451
Loop41	CMU.bins.202
Loop41	SHSU.bins.154
Loop42	SHSU.bins.195
Loop42	UTK.bins.162
Loop42	SHSU.bins.466
Loop42	SHSU_advanced.final.198
Loop42	SHSU.bins.201
Loop42	CMU.bins.144
Loop42	SHSU.bins.118
Loop42	SHSU_active.final.35
Loop42	CMU.bins.256
Loop42	SHSU.bins.438
Loop42	SHSU.bins.36
Loop42	SHSU.bins.286
Loop42	SHSU.bins.238
Loop42	SHSU.bins.56
Loop42	SHSU.bins.221
Loop42	SHSU.bins.181
Loop42	SHSU.bins.154
Loop42	CMU_active.final.40
Loop42	CMU.bins.352
Loop42	CMU.bins.130
Loop43	CMU.bins.233
Loop43	SHSU_advanced.final.252
Loop43	SHSU.bins.154
Loop43	CMU.bins.320
Loop43	SHSU_active.final.81
Loop43	SHSU.bins.27
Loop43	UTK.bins.52
Loop43	SHSU.bins.455
Loop43	SHSU.bins.276
Loop43	SHSU.bins.332
Loop43	SHSU.bins.148
Loop43	CMU.bins.31
Loop43	SHSU.bins.59
Loop43	CMU.bins.187
Loop43	SHSU.bins.412
Loop43	SHSU.bins.234
Loop43	SHSU.bins.49
Loop43	SHSU.bins.22
Loop43	SHSU.bins.565
Loop43	SHSU.bins.101
Loop44	SHSU.bins.131
Loop44	SHSU_advanced.final.161
Loop44	CMU.bins.67
Loop44	SHSU.bins.565
Loop44	SHSU_advanced.final.69
Loop44	CMU.bins.196
Loop44	SHSU.bins.294
Loop44	SHSU.bins.111
Loop44	SHSU_advanced.final.124
Loop44	SHSU.bins.181
Loop44	CMU.bins.5
Loop44	SHSU_active.final.139
Loop44	CMU.bins.300
Loop44	SHSU.bins.420
Loop44	SHSU.bins.332
Loop44	SHSU.bins.517
Loop44	UTK.bins.176
Loop44	SHSU.bins.256
Loop44	SHSU.bins.549
Loop44	SHSU.bins.263
Loop45	SHSU.bins.562
Loop45	SHSU.bins.517
Loop45	SHSU.bins.191
Loop45	SHSU_advanced.final.124
Loop45	CMU.bins.181
Loop45	CMU.bins.124
Loop45	SHSU.bins.459
Loop45	CMU_advanced.final.11
Loop45	SHSU_advanced.final.136
Loop45	SHSU.bins.384
Loop45	SHSU.bins.365
Loop45	CMU.bins.102
Loop45	SHSU.bins.332
Loop45	SHSU.bins.336
Loop45	SHSU.bins.512
Loop45	SHSU.bins.131
Loop45	SHSU_advanced.final.37
Loop45	SHSU_advanced.final.206
Loop45	SHSU.bins.267
Loop45	UTK.bins.84
Loop46	SHSU_advanced.final.156
Loop46	SHSU_advanced.final.124
Loop46	CMU.bins.248
Loop46	UTK.bins.42
Loop46	CMU.bins.199
Loop46	CMU.bins.261
Loop46	SHSU_advanced.final.240
Loop46	SHSU.bins.402
Loop46	SHSU.bins.149
Loop46	SHSU.bins.72
Loop46	SHSU_advanced.final.181
Loop46	SHSU.bins.292
Loop46	SHSU.bins.39
Loop46	SHSU.bins.264
Loop46	UTK.bins.15
Loop46	UTK.bins.143
Loop46	SHSU.bins.131
Loop46	SHSU.bins.459
Loop46	SHSU.bins.260
Loop46	CMU.bins.102
Loop47	UTK.bins.171
Loop47	SHSU.bins.420
Loop47	SHSU.bins.118
Loop47	UTK.bins.176
Loop47	SHSU.bins.235
Loop47	UTK.bins.113
Loop47	UTK.bins.192
Loop47	SHSU.bins.561
Loop47	SHSU.bins.562
Loop47	SHSU.bins.276
Loop47	UTK_advanced.final.34
Loop47	SHSU.bins.64
Loop47	UTK.bins.64
Loop47	CMU.bins.130
Loop47	CMU.bins.340
Loop47	SHSU.bins.56
Loop47	SHSU.bins.277
Loop47	UTK_active.final.26
Loop47	SHSU.bins.361
Loop47	SHSU.bins.466
Loop48	CMU.bins.102
Loop48	SHSU.bins.443
Loop48	SHSU.bins.332
Loop48	CMU.bins.106
Loop48	SHSU.bins.263
Loop48	CMU.bins.70
Loop48	SHSU.bins.47
Loop48	SHSU.bins.412
Loop48	UTK.bins.19
Loop48	SHSU.bins.513
Loop48	SHSU.bins.534
Loop48	SHSU.bins.217
Loop48	SHSU.bins.530
Loop48	CMU.bins.204
Loop48	SHSU_active.final.30
Loop48	CMU.bins.23
Loop48	CMU.bins.160
Loop48	CMU_early.final.2
Loop48	SHSU.bins.264
Loop48	SHSU.bins.202
Loop49	SHSU_active.final.81
Loop49	CMU.bins.202
Loop49	SHSU.bins.170
Loop49	SHSU.bins.204
Loop49	SHSU.bins.101
Loop49	SHSU.bins.186
Loop49	SHSU.bins.167
Loop49	CMU.bins.196
Loop49	SHSU_advanced.final.240
Loop49	SHSU_advanced.final.206
Loop49	UTK.bins.134
Loop49	SHSU_advanced.final.183
Loop49	SHSU.bins.50
Loop49	UTK.bins.15
Loop49	SHSU.bins.246
Loop49	CMU.bins.67
Loop49	SHSU.bins.149
Loop49	SHSU_advanced.final.181
Loop49	SHSU.bins.319
Loop49	UTK.bins.183
Loop50	UTK.bins.184
Loop50	SHSU.bins.534
Loop50	SHSU.bins.382
Loop50	CMU.bins.23
Loop50	CMU.bins.144
Loop50	CMU.bins.196
Loop50	SHSU.bins.72
Loop50	CMU.bins.204
Loop50	UTK.bins.52
Loop50	CMU.bins.106
Loop50	CMU_early.final.61
Loop50	CMU.bins.187
Loop50	SHSU.bins.246
Loop50	UTK.bins.162
Loop50	SHSU.bins.234
Loop50	SHSU_advanced.final.181
Loop50	SHSU_advanced.final.170
Loop50	SHSU.bins.149
Loop50	CMU.bins.216
Loop50	UTK.bins.192
Loop51	SHSU.bins.150
Loop51	SHSU.bins.22
Loop51	SHSU.bins.332
Loop51	SHSU.bins.52
Loop51	CMU.bins.261
Loop51	CMU.bins.107
Loop51	SHSU.bins.154
Loop51	CMU_early.final.5
Loop51	UTK_active.final.18
Loop51	CMU.bins.8
Loop51	SHSU_advanced.final.240
Loop51	UTK.bins.23
Loop51	CMU.bins.328
Loop51	CMU_early.final.61
Loop51	SHSU.bins.492
Loop51	CMU_advanced.final.11
Loop51	CMU.bins.62
Loop51	UTK.bins.43
Loop51	SHSU_advanced.final.227
Loop51	SHSU.bins.562
Loop52	CMU.bins.59
Loop52	SHSU.bins.443
Loop52	SHSU.bins.450
Loop52	CMU.bins.106
Loop52	CMU.bins.99
Loop52	SHSU.bins.259
Loop52	SHSU.bins.202
Loop52	CMU.bins.67
Loop52	SHSU.bins.40
Loop52	SHSU.bins.294
Loop52	UTK.bins.15
Loop52	SHSU.bins.234
Loop52	SHSU.bins.217
Loop52	UTK.bins.58
Loop52	UTK.bins.77
Loop52	SHSU.bins.351
Loop52	SHSU.bins.162
Loop52	CMU.bins.144
Loop52	UTK.bins.143
Loop52	UTK.bins.184
Loop53	SHSU_advanced.final.124
Loop53	SHSU.bins.163
Loop53	UTK.bins.52
Loop53	SHSU.bins.164
Loop53	CMU.bins.99
Loop53	SHSU.bins.499
Loop53	UTK_active.final.8
Loop53	SHSU_active.final.81
Loop53	UTK.bins.176
Loop53	SHSU.bins.246
Loop53	SHSU.bins.438
Loop53	CMU.bins.233
Loop53	SHSU.bins.237
Loop53	UTK.bins.107
Loop53	UTK.bins.184
Loop53	SHSU.bins.162
Loop53	SHSU.bins.83
Loop53	CMU.bins.293
Loop53	CMU.bins.43
Loop53	SHSU.bins.39
Loop54	SHSU.bins.492
Loop54	UTK.bins.55
Loop54	SHSU_advanced.final.156
Loop54	UTK.bins.53
Loop54	SHSU.bins.42
Loop54	SHSU.bins.5
Loop54	UTK.bins.71
Loop54	SHSU.bins.149
Loop54	UTK.bins.17
Loop54	SHSU.bins.330
Loop54	SHSU.bins.79
Loop54	UTK.bins.192
Loop54	SHSU.bins.329
Loop54	CMU.bins.300
Loop54	UTK.bins.33
Loop54	SHSU.bins.167
Loop54	CMU.bins.235
Loop54	SHSU.bins.399
Loop54	CMU.bins.328
Loop54	CMU.bins.102
Loop55	SHSU.bins.64
Loop55	SHSU.bins.190
Loop55	CMU.bins.124
Loop55	SHSU_advanced.final.252
Loop55	UTK.bins.58
Loop55	SHSU.bins.56
Loop55	CMU.bins.106
Loop55	SHSU.bins.18
Loop55	SHSU.bins.201
Loop55	SHSU.bins.220
Loop55	SHSU.bins.565
Loop55	SHSU.bins.260
Loop55	SHSU.bins.335
Loop55	SHSU.bins.477
Loop55	CMU.bins.340
Loop55	UTK.bins.184
Loop55	SHSU.bins.47
Loop55	SHSU_active.final.55
Loop55	SHSU_advanced.final.206
Loop55	SHSU_active.final.52
Loop56	SHSU.bins.276
Loop56	UTK.bins.186
Loop56	UTK.bins.200
Loop56	SHSU_advanced.final.35
Loop56	SHSU_advanced.final.124
Loop56	UTK_advanced.final.10
Loop56	SHSU_active.final.50
Loop56	SHSU.bins.170
Loop56	CMU.bins.126
Loop56	CMU.bins.196
Loop56	UTK.bins.50
Loop56	SHSU_advanced.final.153
Loop56	SHSU_advanced.final.206
Loop56	SHSU.bins.68
Loop56	SHSU.bins.222
Loop56	UTK.bins.51
Loop56	CMU.bins.320
Loop56	SHSU.bins.111
Loop56	SHSU.bins.267
Loop56	CMU.bins.261
Loop57	UTK.bins.71
Loop57	SHSU.bins.191
Loop57	SHSU.bins.18
Loop57	UTK.bins.55
Loop57	SHSU.bins.220
Loop57	CMU.bins.8
Loop57	SHSU.bins.384
Loop57	CMU.bins.199
Loop57	SHSU.bins.393
Loop57	SHSU.bins.36
Loop57	SHSU.bins.13
Loop57	SHSU_advanced.final.124
Loop57	CMU.bins.204
Loop57	UTK_active.final.26
Loop57	CMU.bins.126
Loop57	UTK.bins.23
Loop57	SHSU_advanced.final.47
Loop57	SHSU_advanced.final.240
Loop57	UTK.bins.192
Loop57	UTK.bins.114
Loop58	SHSU.bins.336
Loop58	SHSU.bins.101
Loop58	CMU.bins.297
Loop58	SHSU.bins.264
Loop58	SHSU_active.final.55
Loop58	UTK.bins.114
Loop58	SHSU.bins.260
Loop58	CMU.bins.99
Loop58	CMU.bins.8
Loop58	SHSU.bins.192
Loop58	SHSU_active.final.35
Loop58	UTK.bins.134
Loop58	SHSU.bins.22
Loop58	CMU_advanced.final.13
Loop58	SHSU.bins.149
Loop58	SHSU_advanced.final.49
Loop58	CMU.bins.181
Loop58	SHSU.bins.402
Loop58	SHSU.bins.39
Loop58	SHSU.bins.382
Loop59	CMU.bins.119
Loop59	CMU.bins.130
Loop59	UTK.bins.61
Loop59	CMU_active.final.40
Loop59	SHSU.bins.175
Loop59	CMU.bins.107
Loop59	SHSU_advanced.final.227
Loop59	SHSU.bins.393
Loop59	SHSU.bins.492
Loop59	SHSU.bins.354
Loop59	SHSU_advanced.final.252
Loop59	SHSU.bins.561
Loop59	SHSU.bins.499
Loop59	CMU.bins.171
Loop59	SHSU.bins.186
Loop59	SHSU.bins.192
Loop59	SHSU.bins.118
Loop59	CMU.bins.155
Loop59	SHSU.bins.50
Loop59	SHSU_active.final.81
Loop60	UTK.bins.52
Loop60	SHSU.bins.351
Loop60	SHSU_active.final.139
Loop60	UTK.bins.71
Loop60	UTK.bins.162
Loop60	UTK.bins.64
Loop60	SHSU.bins.483
Loop60	SHSU.bins.292
Loop60	SHSU.bins.84
Loop60	SHSU.bins.294
Loop60	CMU.bins.107
Loop60	UTK.bins.61
Loop60	UTK.bins.23
Loop60	SHSU.bins.154
Loop60	UTK.bins.43
Loop60	UTK.bins.134
Loop60	SHSU.bins.178
Loop60	SHSU_active.final.55
Loop60	SHSU.bins.513
Loop60	SHSU.bins.221
Loop61	SHSU.bins.40
Loop61	SHSU.bins.351
Loop61	SHSU.bins.173
Loop61	SHSU.bins.201
Loop61	SHSU.bins.335
Loop61	SHSU.bins.154
Loop61	UTK.bins.92
Loop61	CMU.bins.196
Loop61	UTK.bins.42
Loop61	CMU.bins.187
Loop61	SHSU.bins.192
Loop61	SHSU_advanced.final.198
Loop61	SHSU.bins.222
Loop61	SHSU.bins.438
Loop61	SHSU_advanced.final.170
Loop61	SHSU_advanced.final.240
Loop61	UTK.bins.52
Loop61	SHSU_advanced.final.47
Loop61	CMU.bins.252
Loop61	SHSU.bins.217
Loop62	SHSU.bins.263
Loop62	UTK.bins.126
Loop62	SHSU_advanced.final.42
Loop62	CMU_active.final.40
Loop62	SHSU_active.final.52
Loop62	SHSU.bins.5
Loop62	UTK.bins.50
Loop62	SHSU.bins.455
Loop62	UTK.bins.58
Loop62	CMU.bins.261
Loop62	CMU.bins.130
Loop62	UTK_active.final.8
Loop62	CMU.bins.70
Loop62	SHSU_advanced.final.47
Loop62	UTK.bins.52
Loop62	SHSU.bins.393
Loop62	SHSU.bins.292
Loop62	SHSU.bins.39
Loop62	SHSU.bins.384
Loop62	UTK.bins.64
Loop63	UTK.bins.37
Loop63	SHSU.bins.64
Loop63	UTK_active.final.8
Loop63	SHSU_advanced.final.149
Loop63	UTK.bins.42
Loop63	CMU.bins.62
Loop63	SHSU.bins.191
Loop63	CMU.bins.320
Loop63	SHSU.bins.534
Loop63	SHSU.bins.499
Loop63	SHSU.bins.181
Loop63	SHSU_advanced.final.206
Loop63	SHSU.bins.451
Loop63	SHSU_advanced.final.181
Loop63	SHSU_active.final.134
Loop63	SHSU.bins.18
Loop63	SHSU.bins.263
Loop63	SHSU.bins.221
Loop63	SHSU.bins.466
Loop63	UTK.bins.55
Loop64	UTK.bins.114
Loop64	SHSU.bins.477
Loop64	CMU.bins.5
Loop64	CMU.bins.300
Loop64	SHSU.bins.330
Loop64	SHSU_advanced.final.252
Loop64	SHSU_advanced.final.124
Loop64	SHSU.bins.89
Loop64	CMU.bins.144
Loop64	SHSU.bins.277
Loop64	SHSU.bins.68
Loop64	UTK.bins.33
Loop64	SHSU.bins.492
Loop64	SHSU_active.final.139
Loop64	SHSU_advanced.final.136
Loop64	SHSU.bins.48
Loop64	UTK_active.final.26
Loop64	SHSU.bins.382
Loop64	SHSU.bins.111
Loop64	SHSU.bins.336
Loop65	SHSU.bins.443
Loop65	CMU_early.final.2
Loop65	SHSU.bins.530
Loop65	CMU_advanced.final.23
Loop65	UTK.bins.52
Loop65	UTK.bins.27
Loop65	CMU.bins.320
Loop65	SHSU.bins.15
Loop65	SHSU_advanced.final.156
Loop65	SHSU.bins.157
Loop65	SHSU.bins.48
Loop65	SHSU.bins.451
Loop65	SHSU.bins.162
Loop65	CMU.bins.196
Loop65	SHSU_advanced.final.252
Loop65	CMU.bins.62
Loop65	CMU.bins.340
Loop65	SHSU.bins.382
Loop65	CMU.bins.235
Loop65	SHSU.bins.72
Loop66	SHSU_active.final.35
Loop66	UTK_active.final.44
Loop66	CMU.bins.124
Loop66	CMU.bins.62
Loop66	SHSU.bins.192
Loop66	UTK.bins.77
Loop66	SHSU.bins.15
Loop66	SHSU_active.final.55
Loop66	SHSU.bins.219
Loop66	SHSU_advanced.final.183
Loop66	SHSU.bins.123
Loop66	UTK.bins.51
Loop66	UTK.bins.114
Loop66	CMU.bins.199
Loop66	SHSU.bins.157
Loop66	SHSU.bins.131
Loop66	SHSU.bins.477
Loop66	UTK.bins.50
Loop66	SHSU_advanced.final.198
Loop66	SHSU.bins.39
Loop67	CMU.bins.130
Loop67	CMU.bins.171
Loop67	SHSU.bins.72
Loop67	SHSU.bins.83
Loop67	CMU.bins.9
Loop67	SHSU.bins.499
Loop67	CMU.bins.119
Loop67	SHSU.bins.565
Loop67	CMU_active.final.59
Loop67	SHSU.bins.426
Loop67	CMU.bins.196
Loop67	SHSU.bins.13
Loop67	SHSU.bins.477
Loop67	CMU.bins.62
Loop67	SHSU.bins.84
Loop67	CMU.bins.107
Loop67	SHSU.bins.170
Loop67	UTK.bins.58
Loop67	SHSU_active.final.55
Loop67	SHSU.bins.438
Loop68	SHSU.bins.531
Loop68	CMU.bins.184
Loop68	CMU.bins.70
Loop68	SHSU.bins.68
Loop68	SHSU.bins.319
Loop68	CMU.bins.146
Loop68	SHSU.bins.561
Loop68	SHSU_active.final.30
Loop68	CMU.bins.9
Loop68	SHSU.bins.101
Loop68	CMU.bins.199
Loop68	SHSU.bins.259
Loop68	UTK.bins.53
Loop68	UTK.bins.92
Loop68	SHSU.bins.71
Loop68	CMU.bins.224
Loop68	CMU.bins.235
Loop68	UTK.bins.15
Loop68	UTK.bins.141
Loop68	SHSU_advanced.final.170
Loop69	SHSU.bins.84
Loop69	SHSU_advanced.final.252
Loop69	CMU.bins.293
Loop69	CMU.bins.202
Loop69	SHSU.bins.459
Loop69	SHSU.bins.530
Loop69	SHSU.bins.59
Loop69	UTK.bins.183
Loop69	CMU.bins.31
Loop69	SHSU.bins.83
Loop69	SHSU_advanced.final.136
Loop69	SHSU_advanced.final.260
Loop69	SHSU.bins.235
Loop69	UTK.bins.23
Loop69	CMU.bins.320
Loop69	CMU.bins.107
Loop69	SHSU.bins.132
Loop69	CMU.bins.224
Loop69	CMU.bins.233
Loop69	UTK.bins.134
Loop70	CMU.bins.297
Loop70	SHSU.bins.466
Loop70	SHSU.bins.531
Loop70	SHSU.bins.40
Loop70	SHSU.bins.354
Loop70	SHSU.bins.175
Loop70	SHSU.bins.131
Loop70	CMU.bins.252
Loop70	UTK.bins.114
Loop70	SHSU.bins.190
Loop70	SHSU.bins.50
Loop70	SHSU.bins.68
Loop70	SHSU.bins.111
Loop70	CMU_active.final.40
Loop70	CMU.bins.233
Loop70	SHSU.bins.512
Loop70	SHSU.bins.336
Loop70	CMU.bins.8
Loop70	UTK.bins.77
Loop70	SHSU.bins.530
Loop71	SHSU.bins.219
Loop71	SHSU.bins.79
Loop71	SHSU.bins.64
Loop71	SHSU.bins.246
Loop71	CMU_active.final.59
Loop71	CMU.bins.102
Loop71	SHSU_advanced.final.37
Loop71	SHSU_advanced.final.183
Loop71	SHSU.bins.59
Loop71	CMU.bins.23
Loop71	UTK.bins.58
Loop71	SHSU.bins.466
Loop71	CMU.bins.235
Loop71	SHSU.bins.72
Loop71	SHSU.bins.531
Loop71	SHSU.bins.148
Loop71	CMU.bins.261
Loop71	SHSU.bins.351
Loop71	UTK_active.final.18
Loop71	SHSU_advanced.final.161
Loop72	CMU.bins.297
Loop72	SHSU.bins.438
Loop72	SHSU_advanced.final.170
Loop72	CMU.bins.70
Loop72	SHSU.bins.365
Loop72	SHSU.bins.71
Loop72	CMU.bins.5
Loop72	SHSU.bins.50
Loop72	SHSU.bins.219
Loop72	SHSU.bins.27
Loop72	SHSU.bins.186
Loop72	SHSU.bins.79
Loop72	CMU.bins.261
Loop72	CMU.bins.107
Loop72	SHSU.bins.412
Loop72	SHSU.bins.420
Loop72	SHSU.bins.276
Loop72	CMU.bins.293
Loop72	SHSU.bins.101
Loop72	SHSU.bins.205
Loop73	CMU_early.final.61
Loop73	UTK.bins.114
Loop73	CMU.bins.202
Loop73	SHSU_advanced.final.42
Loop73	SHSU.bins.190
Loop73	SHSU.bins.39
Loop73	SHSU_advanced.final.206
Loop73	SHSU.bins.111
Loop73	SHSU.bins.399
Loop73	SHSU.bins.426
Loop73	SHSU_active.final.30
Loop73	SHSU.bins.42
Loop73	SHSU.bins.205
Loop73	CMU.bins.307
Loop73	SHSU.bins.68
Loop73	SHSU.bins.534
Loop73	UTK_advanced.final.10
Loop73	SHSU.bins.238
Loop73	CMU.bins.119
Loop73	CMU.bins.8
Loop74	SHSU.bins.365
Loop74	SHSU.bins.336
Loop74	SHSU.bins.173
Loop74	CMU.bins.340
Loop74	UTK_active.final.44
Loop74	CMU.bins.43
Loop74	UTK.bins.143
Loop74	SHSU_advanced.final.252
Loop74	SHSU_early.final.2
Loop74	CMU.bins.62
Loop74	SHSU.bins.111
Loop74	SHSU.bins.329
Loop74	SHSU.bins.72
Loop74	CMU.bins.252
Loop74	SHSU.bins.68
Loop74	SHSU.bins.556
Loop74	CMU.bins.248
Loop74	CMU.bins.31
Loop74	SHSU.bins.123
Loop74	UTK.bins.37
Loop75	SHSU_active.final.50
Loop75	CMU.bins.23
Loop75	SHSU_advanced.final.149
Loop75	SHSU.bins.191
Loop75	SHSU.bins.264
Loop75	SHSU.bins.276
Loop75	CMU.bins.121
Loop75	SHSU.bins.221
Loop75	SHSU.bins.175
Loop75	UTK_active.final.26
Loop75	CMU.bins.293
Loop75	SHSU_advanced.final.227
Loop75	CMU.bins.160
Loop75	SHSU_advanced.final.37
Loop75	SHSU.bins.27
Loop75	SHSU.bins.204
Loop75	UTK.bins.162
Loop75	SHSU.bins.259
Loop75	SHSU.bins.173
Loop75	CMU.bins.199
Loop76	SHSU.bins.167
Loop76	SHSU.bins.530
Loop76	UTK_advanced.final.34
Loop76	CMU.bins.196
Loop76	UTK.bins.141
Loop76	CMU_active.final.59
Loop76	CMU_early.final.2
Loop76	UTK.bins.33
Loop76	CMU_advanced.final.11
Loop76	SHSU.bins.358
Loop76	SHSU_active.final.81
Loop76	CMU.bins.70
Loop76	CMU.bins.107
Loop76	SHSU.bins.455
Loop76	SHSU.bins.483
Loop76	SHSU_advanced.final.198
Loop76	CMU.bins.8
Loop76	SHSU.bins.353
Loop76	SHSU.bins.451
Loop76	SHSU.bins.178
Loop77	SHSU_advanced.final.47
Loop77	CMU_advanced.final.11
Loop77	CMU.bins.252
Loop77	CMU.bins.43
Loop77	CMU.bins.155
Loop77	SHSU.bins.453
Loop77	SHSU.bins.294
Loop77	CMU.bins.23
Loop77	SHSU.bins.384
Loop77	SHSU.bins.361
Loop77	SHSU_advanced.final.37
Loop77	SHSU.bins.492
Loop77	UTK.bins.183
Loop77	SHSU_advanced.final.149
Loop77	CMU_advanced.final.23
Loop77	SHSU.bins.477
Loop77	CMU.bins.9
Loop77	SHSU.bins.499
Loop77	UTK_active.final.8
Loop77	UTK_active.final.26
Loop78	UTK.bins.43
Loop78	CMU.bins.202
Loop78	UTK_active.final.8
Loop78	SHSU.bins.150
Loop78	SHSU.bins.52
Loop78	UTK_active.final.18
Loop78	CMU.bins.43
Loop78	SHSU.bins.42
Loop78	UTK.bins.143
Loop78	SHSU.bins.204
Loop78	CMU.bins.247
Loop78	SHSU.bins.154
Loop78	UTK.bins.37
Loop78	CMU.bins.119
Loop78	SHSU_advanced.final.206
Loop78	UTK_advanced.final.34
Loop78	UTK.bins.52
Loop78	SHSU_advanced.final.170
Loop78	SHSU_active.final.55
Loop78	SHSU.bins.450
Loop79	SHSU.bins.294
Loop79	SHSU_active.final.30
Loop79	CMU.bins.121
Loop79	SHSU_advanced.final.124
Loop79	SHSU_advanced.final.170
Loop79	SHSU.bins.191
Loop79	SHSU.bins.201
Loop79	UTK.bins.114
Loop79	UTK.bins.33
Loop79	SHSU.bins.173
Loop79	SHSU.bins.39
Loop79	CMU.bins.124
Loop79	CMU.bins.352
Loop79	CMU_advanced.final.13
Loop79	SHSU.bins.175
Loop79	CMU.bins.300
Loop79	SHSU.bins.221
Loop79	SHSU.bins.492
Loop79	SHSU_advanced.final.183
Loop79	SHSU.bins.83
Loop80	SHSU_advanced.final.183
Loop80	UTK.bins.114
Loop80	CMU.bins.340
Loop80	SHSU_advanced.final.37
Loop80	SHSU.bins.167
Loop80	SHSU.bins.556
Loop80	CMU.bins.23
Loop80	SHSU_advanced.final.240
Loop80	UTK_active.final.18
Loop80	SHSU.bins.47
Loop80	SHSU_advanced.final.49
Loop80	UTK_active.final.44
Loop80	CMU.bins.300
Loop80	SHSU.bins.443
Loop80	SHSU.bins.39
Loop80	CMU.bins.8
Loop80	CMU.bins.352
Loop80	SHSU.bins.219
Loop80	CMU_early.final.61
Loop80	SHSU.bins.190
Loop81	SHSU.bins.101
Loop81	SHSU.bins.59
Loop81	SHSU.bins.330
Loop81	CMU.bins.352
Loop81	SHSU.bins.178
Loop81	SHSU.bins.123
Loop81	CMU.bins.187
Loop81	UTK.bins.33
Loop81	SHSU.bins.71
Loop81	UTK.bins.84
Loop81	CMU.bins.184
Loop81	SHSU.bins.237
Loop81	CMU.bins.171
Loop81	CMU.bins.62
Loop81	CMU_active.final.40
Loop81	UTK.bins.15
Loop81	CMU_advanced.final.13
Loop81	SHSU.bins.562
Loop81	UTK_active.final.18
Loop81	SHSU.bins.329
Loop82	UTK.bins.171
Loop82	SHSU.bins.450
Loop82	SHSU_advanced.final.227
Loop82	SHSU_advanced.final.35
Loop82	SHSU.bins.403
Loop82	CMU.bins.199
Loop82	SHSU.bins.237
Loop82	CMU.bins.216
Loop82	SHSU.bins.83
Loop82	SHSU.bins.561
Loop82	UTK_active.final.18
Loop82	CMU.bins.184
Loop82	CMU.bins.9
Loop82	UTK.bins.77
Loop82	SHSU_advanced.final.124
Loop82	SHSU.bins.562
Loop82	CMU.bins.102
Loop82	CMU_active.final.59
Loop82	SHSU.bins.260
Loop82	SHSU.bins.264
Loop83	SHSU.bins.531
Loop83	UTK.bins.58
Loop83	SHSU.bins.59
Loop83	CMU.bins.124
Loop83	SHSU.bins.294
Loop83	UTK.bins.71
Loop83	CMU.bins.107
Loop83	SHSU_advanced.final.124
Loop83	SHSU.bins.105
Loop83	UTK.bins.184
Loop83	UTK.bins.33
Loop83	SHSU_advanced.final.42
Loop83	SHSU.bins.72
Loop83	UTK.bins.134
Loop83	UTK.bins.84
Loop83	SHSU_active.final.134
Loop83	CMU.bins.184
Loop83	UTK.bins.50
Loop83	SHSU.bins.181
Loop83	SHSU.bins.455
Loop84	CMU_active.final.40
Loop84	SHSU_early.final.2
Loop84	CMU.bins.199
Loop84	SHSU.bins.204
Loop84	SHSU.bins.453
Loop84	SHSU_active.final.30
Loop84	SHSU.bins.562
Loop84	CMU.bins.249
Loop84	CMU.bins.352
Loop84	UTK_active.final.18
Loop84	SHSU.bins.256
Loop84	CMU.bins.307
Loop84	CMU_early.final.61
Loop84	CMU.bins.130
Loop84	SHSU_advanced.final.161
Loop84	UTK.bins.134
Loop84	UTK.bins.55
Loop84	SHSU.bins.118
Loop84	SHSU.bins.565
Loop84	SHSU.bins.59
Loop85	CMU.bins.23
Loop85	CMU.bins.320
Loop85	UTK.bins.71
Loop85	SHSU.bins.544
Loop85	CMU.bins.121
Loop85	SHSU.bins.384
Loop85	SHSU.bins.83
Loop85	SHSU.bins.88
Loop85	UTK.bins.107
Loop85	SHSU.bins.201
Loop85	UTK_active.final.8
Loop85	SHSU.bins.71
Loop85	CMU.bins.352
Loop85	SHSU.bins.276
Loop85	UTK.bins.43
Loop85	CMU.bins.233
Loop85	SHSU.bins.240
Loop85	SHSU.bins.167
Loop85	SHSU_advanced.final.153
Loop85	UTK_active.final.18
Loop86	CMU_advanced.final.23
Loop86	UTK.bins.52
Loop86	UTK.bins.84
Loop86	UTK.bins.200
Loop86	CMU.bins.300
Loop86	CMU_active.final.40
Loop86	SHSU.bins.149
Loop86	CMU.bins.43
Loop86	CMU.bins.23
Loop86	CMU.bins.340
Loop86	UTK.bins.55
Loop86	SHSU.bins.365
Loop86	UTK.bins.134
Loop86	SHSU.bins.5
Loop86	UTK.bins.107
Loop86	SHSU_advanced.final.240
Loop86	CMU.bins.297
Loop86	SHSU.bins.380
Loop86	SHSU.bins.294
Loop86	CMU.bins.106
Loop87	SHSU_advanced.final.156
Loop87	SHSU.bins.382
Loop87	UTK.bins.42
Loop87	SHSU_active.final.81
Loop87	SHSU.bins.384
Loop87	SHSU.bins.13
Loop87	UTK.bins.53
Loop87	SHSU.bins.403
Loop87	UTK.bins.143
Loop87	SHSU.bins.517
Loop87	SHSU.bins.399
Loop87	UTK.bins.162
Loop87	UTK.bins.58
Loop87	SHSU.bins.259
Loop87	CMU.bins.247
Loop87	UTK.bins.50
Loop87	SHSU.bins.256
Loop87	SHSU.bins.426
Loop87	SHSU.bins.292
Loop87	SHSU.bins.220
Loop88	UTK.bins.143
Loop88	CMU.bins.199
Loop88	SHSU.bins.5
Loop88	SHSU.bins.277
Loop88	UTK_active.final.18
Loop88	UTK.bins.71
Loop88	SHSU.bins.205
Loop88	SHSU_active.final.81
Loop88	SHSU.bins.512
Loop88	UTK.bins.37
Loop88	SHSU.bins.42
Loop88	SHSU.bins.426
Loop88	SHSU.bins.420
Loop88	SHSU.bins.412
Loop88	SHSU.bins.52
Loop88	SHSU.bins.157
Loop88	UTK.bins.55
Loop88	SHSU_advanced.final.49
Loop88	SHSU.bins.148
Loop88	SHSU.bins.358
Loop89	SHSU.bins.329
Loop89	SHSU_active.final.52
Loop89	UTK.bins.50
Loop89	CMU_early.final.5
Loop89	SHSU.bins.382
Loop89	UTK.bins.176
Loop89	SHSU.bins.332
Loop89	SHSU.bins.18
Loop89	SHSU_advanced.final.227
Loop89	SHSU.bins.403
Loop89	SHSU.bins.235
Loop89	CMU.bins.199
Loop89	SHSU.bins.277
Loop89	CMU.bins.23
Loop89	SHSU.bins.380
Loop89	CMU.bins.5
Loop89	UTK.bins.186
Loop89	CMU.bins.126
Loop89	SHSU.bins.263
Loop89	UTK.bins.64
Loop90	SHSU_advanced.final.260
Loop90	SHSU.bins.492
Loop90	CMU.bins.62
Loop90	SHSU.bins.13
Loop90	SHSU.bins.438
Loop90	SHSU_advanced.final.252
Loop90	SHSU.bins.384
Loop90	SHSU.bins.36
Loop90	CMU.bins.252
Loop90	SHSU.bins.111
Loop90	CMU.bins.256
Loop90	SHSU.bins.68
Loop90	CMU.bins.300
Loop90	CMU_early.final.61
Loop90	UTK.bins.51
Loop90	SHSU.bins.260
Loop90	CMU.bins.187
Loop90	SHSU.bins.561
Loop90	UTK.bins.64
Loop90	SHSU.bins.240
Loop91	SHSU.bins.492
Loop91	SHSU_active.final.134
Loop91	UTK.bins.107
Loop91	SHSU.bins.336
Loop91	CMU_advanced.final.13
Loop91	SHSU_advanced.final.252
Loop91	SHSU.bins.402
Loop91	SHSU.bins.382
Loop91	CMU.bins.256
Loop91	SHSU.bins.149
Loop91	SHSU.bins.380
Loop91	SHSU.bins.13
Loop91	SHSU_active.final.35
Loop91	SHSU.bins.556
Loop91	UTK.bins.17
Loop91	UTK.bins.64
Loop91	UTK.bins.71
Loop91	SHSU.bins.220
Loop91	SHSU.bins.191
Loop91	SHSU_advanced.final.149
Loop92	SHSU.bins.47
Loop92	CMU.bins.43
Loop92	SHSU.bins.150
Loop92	CMU.bins.264
Loop92	SHSU.bins.335
Loop92	SHSU.bins.361
Loop92	SHSU_advanced.final.206
Loop92	SHSU_active.final.55
Loop92	UTK.bins.192
Loop92	CMU.bins.297
Loop92	SHSU.bins.5
Loop92	UTK.bins.42
Loop92	SHSU.bins.201
Loop92	SHSU.bins.164
Loop92	SHSU.bins.71
Loop92	SHSU.bins.36
Loop92	SHSU.bins.191
Loop92	SHSU.bins.565
Loop92	CMU.bins.144
Loop92	SHSU.bins.443
Loop93	CMU.bins.121
Loop93	SHSU.bins.56
Loop93	SHSU_advanced.final.206
Loop93	SHSU.bins.263
Loop93	SHSU.bins.512
Loop93	SHSU.bins.150
Loop93	SHSU.bins.162
Loop93	UTK.bins.58
Loop93	SHSU.bins.319
Loop93	SHSU.bins.544
Loop93	SHSU.bins.47
Loop93	SHSU.bins.492
Loop93	CMU.bins.124
Loop93	CMU_advanced.final.13
Loop93	SHSU.bins.443
Loop93	SHSU.bins.148
Loop93	CMU_advanced.final.23
Loop93	SHSU.bins.181
Loop93	CMU.bins.216
Loop93	UTK_active.final.8
Loop94	SHSU.bins.420
Loop94	SHSU.bins.27
Loop94	SHSU.bins.358
Loop94	SHSU.bins.59
Loop94	SHSU.bins.5
Loop94	SHSU.bins.256
Loop94	UTK.bins.17
Loop94	CMU_advanced.final.13
Loop94	SHSU.bins.50
Loop94	UTK.bins.141
Loop94	SHSU.bins.451
Loop94	SHSU.bins.186
Loop94	SHSU_advanced.final.161
Loop94	CMU.bins.202
Loop94	CMU.bins.106
Loop94	SHSU.bins.531
Loop94	SHSU.bins.56
Loop94	SHSU.bins.492
Loop94	CMU.bins.31
Loop94	SHSU.bins.530
Loop95	UTK.bins.77
Loop95	SHSU.bins.412
Loop95	SHSU_active.final.81
Loop95	CMU.bins.160
Loop95	SHSU.bins.68
Loop95	SHSU.bins.191
Loop95	CMU.bins.62
Loop95	UTK.bins.71
Loop95	CMU.bins.247
Loop95	SHSU.bins.83
Loop95	CMU.bins.300
Loop95	SHSU.bins.402
Loop95	SHSU.bins.246
Loop95	CMU.bins.23
Loop95	UTK.bins.114
Loop95	CMU.bins.5
Loop95	CMU.bins.264
Loop95	SHSU_advanced.final.149
Loop95	SHSU.bins.358
Loop95	SHSU.bins.186
Loop96	CMU.bins.146
Loop96	SHSU.bins.50
Loop96	SHSU.bins.544
Loop96	UTK.bins.162
Loop96	SHSU.bins.329
Loop96	SHSU_advanced.final.198
Loop96	SHSU_advanced.final.206
Loop96	CMU.bins.293
Loop96	UTK.bins.200
Loop96	SHSU.bins.530
Loop96	CMU.bins.102
Loop96	CMU.bins.261
Loop96	UTK.bins.77
Loop96	UTK.bins.37
Loop96	CMU.bins.144
Loop96	SHSU.bins.79
Loop96	CMU.bins.121
Loop96	UTK.bins.171
Loop96	SHSU.bins.289
Loop96	SHSU.bins.513
Loop97	SHSU.bins.263
Loop97	SHSU_active.final.134
Loop97	CMU_active.final.40
Loop97	UTK_advanced.final.10
Loop97	SHSU.bins.330
Loop97	CMU.bins.202
Loop97	CMU.bins.184
Loop97	CMU.bins.196
Loop97	CMU.bins.43
Loop97	CMU.bins.256
Loop97	SHSU.bins.403
Loop97	SHSU.bins.5
Loop97	SHSU.bins.71
Loop97	SHSU_advanced.final.260
Loop97	SHSU_advanced.final.198
Loop97	CMU.bins.199
Loop97	SHSU.bins.50
Loop97	SHSU_active.final.81
Loop97	SHSU.bins.64
Loop97	UTK_active.final.18
Loop98	CMU_active.final.59
Loop98	UTK_active.final.44
Loop98	SHSU.bins.154
Loop98	SHSU.bins.178
Loop98	SHSU.bins.256
Loop98	CMU.bins.204
Loop98	SHSU.bins.466
Loop98	SHSU.bins.175
Loop98	UTK_advanced.final.10
Loop98	SHSU_early.final.2
Loop98	CMU.bins.70
Loop98	CMU_early.final.2
Loop98	SHSU_advanced.final.183
Loop98	CMU.bins.300
Loop98	UTK.bins.55
Loop98	CMU.bins.297
Loop98	SHSU.bins.170
Loop98	SHSU_active.final.50
Loop98	SHSU.bins.27
Loop98	CMU.bins.146
Loop99	SHSU.bins.27
Loop99	UTK.bins.42
Loop99	SHSU.bins.477
Loop99	SHSU.bins.380
Loop99	SHSU.bins.292
Loop99	SHSU.bins.234
Loop99	UTK.bins.183
Loop99	CMU.bins.235
Loop99	SHSU.bins.561
Loop99	CMU.bins.5
Loop99	SHSU.bins.101
Loop99	CMU.bins.102
Loop99	CMU_early.final.2
Loop99	SHSU.bins.286
Loop99	UTK.bins.61
Loop99	SHSU.bins.365
Loop99	SHSU_advanced.final.198
Loop99	CMU.bins.160
Loop99	SHSU_advanced.final.240
Loop99	SHSU.bins.384
Loop100	CMU.bins.184
Loop100	SHSU.bins.492
Loop100	SHSU.bins.186
Loop100	SHSU_active.final.139
Loop100	SHSU.bins.276
Loop100	SHSU.bins.238
Loop100	SHSU.bins.13
Loop100	UTK.bins.58
Loop100	SHSU.bins.329
Loop100	SHSU.bins.351
Loop100	CMU.bins.264
Loop100	SHSU.bins.59
Loop100	SHSU.bins.68
Loop100	UTK.bins.134
Loop100	SHSU.bins.380
Loop100	SHSU.bins.358
Loop100	CMU.bins.252
Loop100	UTK.bins.64
Loop100	CMU.bins.352
Loop100	SHSU.bins.111
