Loop1	SHSU.bins.131
Loop1	UTK.bins.15
Loop1	SHSU.bins.163
Loop1	SHSU_active.final.35
Loop1	UTK.bins.37
Loop1	CMU.bins.130
Loop1	SHSU.bins.330
Loop1	CMU_active.final.59
Loop1	SHSU.bins.52
Loop1	CMU.bins.233
Loop1	CMU.bins.252
Loop1	SHSU.bins.263
Loop1	SHSU.bins.380
Loop1	CMU.bins.99
Loop1	SHSU.bins.190
Loop1	SHSU.bins.27
Loop1	SHSU.bins.466
Loop1	UTK.bins.55
Loop1	SHSU_active.final.139
Loop1	SHSU_advanced.final.260
Loop2	SHSU.bins.512
Loop2	UTK.bins.141
Loop2	UTK_active.final.44
Loop2	SHSU.bins.148
Loop2	SHSU.bins.451
Loop2	SHSU.bins.163
Loop2	SHSU.bins.531
Loop2	SHSU_advanced.final.69
Loop2	CMU.bins.155
Loop2	SHSU.bins.157
Loop2	UTK.bins.134
Loop2	SHSU.bins.5
Loop2	SHSU.bins.88
Loop2	SHSU_advanced.final.136
Loop2	SHSU.bins.162
Loop2	SHSU.bins.513
Loop2	SHSU.bins.40
Loop2	CMU.bins.249
Loop2	SHSU.bins.384
Loop2	SHSU.bins.492
Loop3	SHSU.bins.289
Loop3	SHSU_advanced.final.183
Loop3	SHSU.bins.354
Loop3	CMU.bins.216
Loop3	SHSU.bins.544
Loop3	UTK.bins.162
Loop3	CMU.bins.144
Loop3	SHSU_advanced.final.252
Loop3	SHSU_advanced.final.153
Loop3	SHSU.bins.565
Loop3	UTK.bins.183
Loop3	UTK.bins.71
Loop3	SHSU_advanced.final.124
Loop3	CMU.bins.119
Loop3	CMU.bins.160
Loop3	CMU.bins.297
Loop3	CMU.bins.9
Loop3	SHSU.bins.15
Loop3	CMU_early.final.61
Loop3	UTK.bins.50
Loop4	CMU.bins.130
Loop4	SHSU.bins.455
Loop4	SHSU.bins.335
Loop4	CMU.bins.144
Loop4	CMU.bins.31
Loop4	CMU_advanced.final.13
Loop4	CMU.bins.62
Loop4	CMU.bins.124
Loop4	SHSU.bins.5
Loop4	SHSU.bins.399
Loop4	SHSU.bins.384
Loop4	CMU.bins.249
Loop4	CMU.bins.59
Loop4	SHSU.bins.27
Loop4	UTK_active.final.8
Loop4	SHSU_active.final.81
Loop4	CMU.bins.199
Loop4	UTK.bins.51
Loop4	SHSU_advanced.final.161
Loop4	CMU.bins.107
Loop5	UTK.bins.55
Loop5	SHSU.bins.64
Loop5	SHSU.bins.118
Loop5	CMU.bins.184
Loop5	SHSU.bins.154
Loop5	UTK_active.final.44
Loop5	SHSU.bins.237
Loop5	UTK.bins.51
Loop5	UTK.bins.50
Loop5	SHSU.bins.195
Loop5	SHSU.bins.111
Loop5	SHSU.bins.289
Loop5	CMU.bins.199
Loop5	UTK.bins.114
Loop5	CMU.bins.235
Loop5	CMU.bins.23
Loop5	UTK.bins.126
Loop5	SHSU_early.final.2
Loop5	UTK.bins.84
Loop5	SHSU.bins.181
Loop6	UTK_advanced.final.34
Loop6	SHSU.bins.466
Loop6	UTK.bins.55
Loop6	UTK.bins.53
Loop6	SHSU.bins.190
Loop6	SHSU_advanced.final.161
Loop6	SHSU.bins.52
Loop6	SHSU_advanced.final.227
Loop6	SHSU.bins.42
Loop6	CMU.bins.297
Loop6	SHSU.bins.181
Loop6	SHSU.bins.259
Loop6	CMU.bins.293
Loop6	SHSU.bins.382
Loop6	UTK_active.final.26
Loop6	SHSU.bins.459
Loop6	SHSU.bins.492
Loop6	CMU_early.final.2
Loop6	SHSU.bins.68
Loop6	SHSU_advanced.final.35
Loop7	SHSU_advanced.final.37
Loop7	SHSU_active.final.52
Loop7	SHSU.bins.42
Loop7	CMU.bins.59
Loop7	SHSU.bins.18
Loop7	SHSU_advanced.final.153
Loop7	SHSU.bins.512
Loop7	SHSU_advanced.final.252
Loop7	CMU.bins.181
Loop7	CMU.bins.297
Loop7	UTK.bins.183
Loop7	SHSU.bins.264
Loop7	CMU_early.final.2
Loop7	CMU.bins.155
Loop7	SHSU.bins.412
Loop7	CMU.bins.307
Loop7	SHSU.bins.354
Loop7	SHSU.bins.402
Loop7	SHSU.bins.235
Loop7	UTK_active.final.18
Loop8	SHSU.bins.79
Loop8	SHSU.bins.56
Loop8	CMU.bins.160
Loop8	SHSU.bins.22
Loop8	SHSU.bins.164
Loop8	CMU.bins.248
Loop8	CMU.bins.23
Loop8	SHSU_active.final.55
Loop8	SHSU.bins.201
Loop8	SHSU.bins.39
Loop8	SHSU_advanced.final.161
Loop8	SHSU.bins.329
Loop8	CMU_active.final.40
Loop8	SHSU_advanced.final.129
Loop8	SHSU.bins.562
Loop8	SHSU_advanced.final.153
Loop8	UTK_active.final.8
Loop8	SHSU_active.final.139
Loop8	UTK.bins.43
Loop8	UTK.bins.171
Loop9	UTK.bins.186
Loop9	SHSU.bins.358
Loop9	SHSU.bins.22
Loop9	UTK.bins.92
Loop9	SHSU.bins.154
Loop9	SHSU.bins.163
Loop9	SHSU.bins.466
Loop9	UTK.bins.71
Loop9	SHSU.bins.402
Loop9	CMU.bins.23
Loop9	SHSU.bins.453
Loop9	UTK_active.final.8
Loop9	SHSU.bins.240
Loop9	SHSU.bins.59
Loop9	SHSU.bins.191
Loop9	SHSU_advanced.final.129
Loop9	SHSU.bins.455
Loop9	SHSU.bins.170
Loop9	CMU.bins.67
Loop9	CMU.bins.126
Loop10	UTK.bins.42
Loop10	UTK_advanced.final.34
Loop10	UTK.bins.200
Loop10	CMU.bins.107
Loop10	SHSU.bins.221
Loop10	SHSU.bins.195
Loop10	UTK.bins.71
Loop10	SHSU_early.final.2
Loop10	SHSU.bins.403
Loop10	SHSU.bins.263
Loop10	CMU.bins.184
Loop10	SHSU.bins.234
Loop10	SHSU.bins.235
Loop10	SHSU.bins.72
Loop10	SHSU.bins.402
Loop10	SHSU.bins.562
Loop10	SHSU.bins.201
Loop10	SHSU.bins.105
Loop10	SHSU.bins.354
Loop10	CMU.bins.196
Loop11	SHSU.bins.148
Loop11	CMU.bins.249
Loop11	CMU.bins.235
Loop11	UTK.bins.126
Loop11	CMU.bins.126
Loop11	CMU_active.final.59
Loop11	SHSU.bins.27
Loop11	UTK.bins.33
Loop11	SHSU_active.final.55
Loop11	SHSU.bins.260
Loop11	SHSU.bins.438
Loop11	UTK.bins.17
Loop11	SHSU.bins.42
Loop11	SHSU.bins.157
Loop11	SHSU.bins.380
Loop11	SHSU.bins.513
Loop11	SHSU.bins.565
Loop11	UTK.bins.171
Loop11	CMU.bins.119
Loop11	UTK.bins.127
Loop12	SHSU.bins.190
Loop12	SHSU.bins.294
Loop12	SHSU.bins.175
Loop12	UTK_active.final.44
Loop12	SHSU.bins.380
Loop12	SHSU_active.final.139
Loop12	SHSU.bins.15
Loop12	CMU.bins.146
Loop12	SHSU.bins.64
Loop12	CMU.bins.248
Loop12	UTK.bins.64
Loop12	CMU.bins.43
Loop12	SHSU.bins.5
Loop12	CMU.bins.184
Loop12	UTK.bins.127
Loop12	UTK_active.final.18
Loop12	SHSU_advanced.final.161
Loop12	SHSU.bins.267
Loop12	SHSU.bins.332
Loop12	SHSU.bins.351
Loop13	SHSU.bins.56
Loop13	SHSU.bins.276
Loop13	SHSU.bins.148
Loop13	UTK.bins.53
Loop13	UTK.bins.27
Loop13	UTK.bins.200
Loop13	SHSU.bins.173
Loop13	SHSU.bins.549
Loop13	SHSU.bins.483
Loop13	CMU.bins.224
Loop13	SHSU.bins.499
Loop13	SHSU.bins.402
Loop13	CMU.bins.121
Loop13	SHSU.bins.68
Loop13	SHSU.bins.264
Loop13	CMU_active.final.59
Loop13	UTK.bins.52
Loop13	SHSU.bins.353
Loop13	SHSU.bins.330
Loop13	SHSU_advanced.final.153
Loop14	SHSU.bins.380
Loop14	SHSU.bins.549
Loop14	SHSU.bins.332
Loop14	UTK.bins.51
Loop14	CMU.bins.67
Loop14	SHSU.bins.149
Loop14	SHSU.bins.190
Loop14	UTK.bins.107
Loop14	SHSU.bins.450
Loop14	SHSU_advanced.final.47
Loop14	UTK.bins.77
Loop14	SHSU.bins.382
Loop14	UTK.bins.17
Loop14	CMU.bins.224
Loop14	SHSU.bins.455
Loop14	UTK.bins.84
Loop14	UTK.bins.143
Loop14	CMU.bins.293
Loop14	UTK.bins.23
Loop14	SHSU.bins.438
Loop15	SHSU.bins.459
Loop15	CMU_active.final.40
Loop15	CMU.bins.5
Loop15	UTK.bins.19
Loop15	CMU.bins.107
Loop15	SHSU.bins.68
Loop15	SHSU.bins.15
Loop15	SHSU_advanced.final.129
Loop15	SHSU.bins.530
Loop15	CMU.bins.171
Loop15	UTK.bins.200
Loop15	UTK.bins.186
Loop15	SHSU.bins.154
Loop15	UTK.bins.126
Loop15	CMU.bins.297
Loop15	SHSU_advanced.final.47
Loop15	SHSU.bins.101
Loop15	UTK.bins.61
Loop15	SHSU.bins.205
Loop15	SHSU.bins.450
Loop16	UTK_active.final.8
Loop16	SHSU.bins.438
Loop16	CMU.bins.171
Loop16	SHSU_active.final.52
Loop16	UTK_active.final.26
Loop16	CMU.bins.43
Loop16	SHSU.bins.201
Loop16	UTK.bins.184
Loop16	UTK.bins.53
Loop16	UTK.bins.141
Loop16	CMU.bins.249
Loop16	SHSU.bins.267
Loop16	UTK.bins.64
Loop16	SHSU.bins.556
Loop16	SHSU.bins.150
Loop16	CMU.bins.256
Loop16	SHSU.bins.13
Loop16	CMU.bins.146
Loop16	SHSU.bins.48
Loop16	SHSU.bins.192
Loop17	SHSU.bins.565
Loop17	SHSU.bins.562
Loop17	UTK.bins.126
Loop17	SHSU.bins.329
Loop17	CMU.bins.204
Loop17	SHSU.bins.131
Loop17	SHSU.bins.332
Loop17	SHSU.bins.205
Loop17	SHSU.bins.111
Loop17	CMU.bins.300
Loop17	CMU.bins.261
Loop17	SHSU.bins.68
Loop17	CMU.bins.293
Loop17	SHSU.bins.36
Loop17	SHSU.bins.39
Loop17	CMU.bins.248
Loop17	UTK.bins.162
Loop17	SHSU.bins.330
Loop17	UTK_active.final.8
Loop17	UTK.bins.171
Loop18	SHSU.bins.201
Loop18	SHSU_advanced.final.161
Loop18	CMU.bins.252
Loop18	CMU.bins.99
Loop18	SHSU.bins.477
Loop18	UTK.bins.64
Loop18	SHSU.bins.353
Loop18	SHSU.bins.450
Loop18	SHSU.bins.64
Loop18	UTK.bins.92
Loop18	SHSU_advanced.final.240
Loop18	SHSU.bins.164
Loop18	SHSU.bins.294
Loop18	SHSU.bins.246
Loop18	SHSU_advanced.final.47
Loop18	SHSU.bins.204
Loop18	SHSU.bins.403
Loop18	CMU.bins.352
Loop18	CMU.bins.202
Loop18	SHSU.bins.289
Loop19	UTK.bins.52
Loop19	SHSU.bins.530
Loop19	SHSU.bins.84
Loop19	SHSU.bins.157
Loop19	SHSU_advanced.final.183
Loop19	CMU.bins.126
Loop19	UTK.bins.53
Loop19	SHSU.bins.531
Loop19	SHSU_advanced.final.161
Loop19	SHSU.bins.351
Loop19	CMU.bins.155
Loop19	SHSU.bins.50
Loop19	UTK.bins.84
Loop19	SHSU.bins.49
Loop19	SHSU.bins.237
Loop19	SHSU.bins.455
Loop19	SHSU_advanced.final.49
Loop19	SHSU.bins.354
Loop19	SHSU_advanced.final.42
Loop19	UTK.bins.19
Loop20	UTK.bins.77
Loop20	SHSU.bins.49
Loop20	SHSU.bins.256
Loop20	SHSU.bins.561
Loop20	CMU_early.final.2
Loop20	UTK.bins.186
Loop20	SHSU_advanced.final.170
Loop20	CMU.bins.247
Loop20	CMU.bins.256
Loop20	SHSU.bins.56
Loop20	SHSU.bins.148
Loop20	CMU_advanced.final.23
Loop20	SHSU.bins.72
Loop20	CMU.bins.320
Loop20	UTK.bins.113
Loop20	SHSU.bins.260
Loop20	CMU_active.final.40
Loop20	SHSU.bins.492
Loop20	UTK.bins.183
Loop20	SHSU.bins.13
Loop21	UTK.bins.200
Loop21	SHSU.bins.499
Loop21	CMU.bins.204
Loop21	SHSU.bins.329
Loop21	CMU.bins.106
Loop21	UTK.bins.176
Loop21	SHSU_advanced.final.240
Loop21	UTK.bins.127
Loop21	SHSU.bins.105
Loop21	SHSU.bins.220
Loop21	SHSU.bins.111
Loop21	CMU.bins.67
Loop21	UTK.bins.58
Loop21	CMU.bins.124
Loop21	UTK.bins.27
Loop21	CMU.bins.126
Loop21	SHSU.bins.170
Loop21	SHSU.bins.330
Loop21	SHSU.bins.259
Loop21	UTK.bins.37
Loop22	SHSU.bins.222
Loop22	CMU.bins.23
Loop22	SHSU.bins.361
Loop22	SHSU.bins.412
Loop22	SHSU.bins.89
Loop22	SHSU.bins.443
Loop22	UTK_active.final.26
Loop22	SHSU_early.final.2
Loop22	SHSU_advanced.final.153
Loop22	UTK.bins.134
Loop22	SHSU.bins.111
Loop22	SHSU_advanced.final.252
Loop22	SHSU.bins.426
Loop22	SHSU.bins.118
Loop22	SHSU.bins.220
Loop22	UTK.bins.184
Loop22	SHSU_advanced.final.129
Loop22	SHSU.bins.131
Loop22	UTK.bins.43
Loop22	SHSU.bins.264
Loop23	CMU.bins.300
Loop23	SHSU.bins.556
Loop23	SHSU.bins.276
Loop23	CMU.bins.320
Loop23	UTK_active.final.44
Loop23	SHSU.bins.5
Loop23	SHSU_active.final.52
Loop23	CMU.bins.9
Loop23	SHSU.bins.565
Loop23	SHSU.bins.332
Loop23	CMU.bins.235
Loop23	CMU.bins.224
Loop23	SHSU_active.final.134
Loop23	UTK.bins.37
Loop23	UTK_advanced.final.34
Loop23	SHSU.bins.36
Loop23	SHSU.bins.319
Loop23	CMU.bins.102
Loop23	SHSU.bins.351
Loop23	SHSU.bins.353
Loop24	SHSU.bins.332
Loop24	SHSU.bins.459
Loop24	SHSU_advanced.final.136
Loop24	CMU.bins.31
Loop24	SHSU.bins.358
Loop24	SHSU.bins.164
Loop24	CMU_active.final.59
Loop24	SHSU.bins.59
Loop24	UTK.bins.55
Loop24	SHSU.bins.148
Loop24	SHSU.bins.267
Loop24	UTK.bins.37
Loop24	CMU.bins.202
Loop24	UTK.bins.200
Loop24	SHSU_active.final.139
Loop24	SHSU.bins.52
Loop24	SHSU.bins.195
Loop24	SHSU.bins.443
Loop24	CMU.bins.107
Loop24	SHSU.bins.335
Loop25	SHSU.bins.246
Loop25	UTK.bins.52
Loop25	CMU.bins.155
Loop25	UTK.bins.113
Loop25	CMU_early.final.2
Loop25	UTK.bins.84
Loop25	SHSU.bins.358
Loop25	UTK.bins.15
Loop25	SHSU_advanced.final.35
Loop25	SHSU_advanced.final.49
Loop25	UTK.bins.184
Loop25	SHSU.bins.47
Loop25	SHSU.bins.420
Loop25	SHSU.bins.382
Loop25	SHSU.bins.380
Loop25	SHSU.bins.562
Loop25	SHSU.bins.202
Loop25	CMU_advanced.final.11
Loop25	CMU.bins.248
Loop25	SHSU.bins.221
Loop26	SHSU.bins.294
Loop26	UTK.bins.184
Loop26	SHSU.bins.365
Loop26	SHSU.bins.83
Loop26	CMU.bins.5
Loop26	SHSU.bins.438
Loop26	CMU.bins.43
Loop26	SHSU.bins.335
Loop26	CMU.bins.107
Loop26	SHSU.bins.68
Loop26	SHSU_advanced.final.136
Loop26	CMU.bins.146
Loop26	SHSU.bins.530
Loop26	SHSU_active.final.35
Loop26	SHSU_active.final.50
Loop26	UTK_active.final.18
Loop26	SHSU.bins.39
Loop26	SHSU.bins.217
Loop26	SHSU_early.final.2
Loop26	CMU.bins.9
Loop27	CMU.bins.9
Loop27	SHSU.bins.178
Loop27	UTK.bins.183
Loop27	CMU_early.final.61
Loop27	SHSU_advanced.final.136
Loop27	CMU.bins.256
Loop27	SHSU.bins.83
Loop27	SHSU_advanced.final.153
Loop27	UTK.bins.71
Loop27	UTK.bins.84
Loop27	SHSU.bins.240
Loop27	CMU.bins.146
Loop27	SHSU.bins.186
Loop27	SHSU.bins.13
Loop27	SHSU.bins.154
Loop27	SHSU.bins.455
Loop27	CMU_advanced.final.11
Loop27	SHSU.bins.319
Loop27	SHSU.bins.157
Loop27	CMU.bins.59
Loop28	CMU.bins.199
Loop28	SHSU.bins.277
Loop28	SHSU.bins.234
Loop28	CMU.bins.70
Loop28	CMU.bins.202
Loop28	CMU.bins.107
Loop28	SHSU.bins.412
Loop28	SHSU.bins.534
Loop28	SHSU.bins.443
Loop28	CMU.bins.328
Loop28	SHSU.bins.217
Loop28	SHSU_active.final.139
Loop28	UTK.bins.43
Loop28	SHSU_advanced.final.161
Loop28	CMU_active.final.40
Loop28	SHSU.bins.256
Loop28	UTK.bins.64
Loop28	SHSU.bins.240
Loop28	CMU.bins.320
Loop28	SHSU_advanced.final.170
Loop29	SHSU.bins.170
Loop29	SHSU.bins.132
Loop29	SHSU.bins.217
Loop29	SHSU.bins.402
Loop29	SHSU.bins.235
Loop29	SHSU.bins.512
Loop29	CMU.bins.264
Loop29	SHSU.bins.351
Loop29	SHSU.bins.517
Loop29	CMU.bins.202
Loop29	SHSU_advanced.final.124
Loop29	SHSU_active.final.81
Loop29	SHSU.bins.240
Loop29	UTK_advanced.final.34
Loop29	SHSU.bins.205
Loop29	UTK.bins.23
Loop29	CMU.bins.107
Loop29	SHSU.bins.365
Loop29	SHSU.bins.27
Loop29	CMU_early.final.2
Loop30	UTK.bins.43
Loop30	SHSU.bins.195
Loop30	CMU.bins.70
Loop30	SHSU.bins.13
Loop30	CMU.bins.248
Loop30	CMU.bins.293
Loop30	SHSU.bins.426
Loop30	UTK.bins.113
Loop30	CMU.bins.155
Loop30	SHSU.bins.330
Loop30	SHSU.bins.443
Loop30	SHSU.bins.403
Loop30	SHSU.bins.336
Loop30	CMU.bins.216
Loop30	SHSU.bins.89
Loop30	SHSU_advanced.final.47
Loop30	CMU.bins.328
Loop30	SHSU_active.final.52
Loop30	UTK.bins.77
Loop30	SHSU.bins.173
Loop31	SHSU_active.final.50
Loop31	UTK.bins.53
Loop31	CMU.bins.320
Loop31	SHSU_advanced.final.153
Loop31	CMU.bins.5
Loop31	UTK.bins.114
Loop31	SHSU.bins.175
Loop31	UTK.bins.134
Loop31	SHSU.bins.201
Loop31	CMU.bins.181
Loop31	SHSU_advanced.final.170
Loop31	SHSU.bins.382
Loop31	UTK.bins.42
Loop31	SHSU.bins.219
Loop31	SHSU.bins.561
Loop31	UTK.bins.51
Loop31	UTK.bins.17
Loop31	CMU.bins.340
Loop31	UTK_active.final.44
Loop31	SHSU.bins.332
Loop32	SHSU.bins.72
Loop32	SHSU.bins.195
Loop32	SHSU.bins.5
Loop32	CMU_advanced.final.13
Loop32	SHSU.bins.219
Loop32	UTK.bins.114
Loop32	SHSU.bins.358
Loop32	SHSU.bins.181
Loop32	SHSU.bins.123
Loop32	CMU.bins.261
Loop32	CMU.bins.199
Loop32	SHSU.bins.175
Loop32	SHSU.bins.455
Loop32	CMU.bins.184
Loop32	SHSU.bins.157
Loop32	SHSU.bins.234
Loop32	UTK.bins.192
Loop32	SHSU.bins.192
Loop32	SHSU.bins.492
Loop32	SHSU_advanced.final.153
Loop33	SHSU.bins.402
Loop33	SHSU.bins.451
Loop33	CMU.bins.106
Loop33	SHSU.bins.190
Loop33	SHSU.bins.173
Loop33	CMU.bins.199
Loop33	SHSU.bins.221
Loop33	SHSU.bins.330
Loop33	CMU_early.final.61
Loop33	SHSU.bins.354
Loop33	SHSU.bins.534
Loop33	CMU.bins.216
Loop33	UTK.bins.113
Loop33	UTK.bins.55
Loop33	CMU.bins.5
Loop33	SHSU.bins.170
Loop33	SHSU.bins.15
Loop33	UTK.bins.19
Loop33	SHSU_active.final.139
Loop33	SHSU.bins.50
Loop34	SHSU.bins.483
Loop34	SHSU.bins.256
Loop34	CMU_advanced.final.11
Loop34	UTK.bins.143
Loop34	SHSU.bins.47
Loop34	SHSU.bins.267
Loop34	SHSU.bins.276
Loop34	CMU_early.final.5
Loop34	SHSU.bins.204
Loop34	SHSU.bins.556
Loop34	UTK.bins.37
Loop34	SHSU.bins.191
Loop34	SHSU.bins.150
Loop34	CMU.bins.9
Loop34	SHSU.bins.562
Loop34	UTK.bins.33
Loop34	SHSU.bins.50
Loop34	SHSU_active.final.30
Loop34	SHSU.bins.561
Loop34	SHSU_advanced.final.47
Loop35	SHSU_active.final.50
Loop35	SHSU.bins.13
Loop35	CMU.bins.256
Loop35	UTK.bins.23
Loop35	SHSU.bins.384
Loop35	SHSU.bins.149
Loop35	CMU.bins.320
Loop35	SHSU.bins.148
Loop35	CMU.bins.31
Loop35	SHSU.bins.267
Loop35	SHSU.bins.238
Loop35	SHSU_advanced.final.47
Loop35	SHSU.bins.132
Loop35	CMU.bins.124
Loop35	SHSU.bins.260
Loop35	SHSU.bins.181
Loop35	SHSU_active.final.35
Loop35	UTK_active.final.8
Loop35	SHSU.bins.123
Loop35	SHSU.bins.561
Loop36	CMU.bins.8
Loop36	UTK.bins.143
Loop36	SHSU.bins.238
Loop36	UTK_active.final.44
Loop36	SHSU.bins.335
Loop36	SHSU.bins.450
Loop36	UTK.bins.171
Loop36	SHSU.bins.336
Loop36	UTK.bins.42
Loop36	SHSU.bins.195
Loop36	SHSU.bins.105
Loop36	SHSU.bins.534
Loop36	CMU.bins.9
Loop36	CMU.bins.328
Loop36	CMU.bins.99
Loop36	CMU.bins.249
Loop36	SHSU.bins.289
Loop36	SHSU.bins.549
Loop36	UTK.bins.141
Loop36	SHSU.bins.530
Loop37	UTK.bins.183
Loop37	CMU.bins.300
Loop37	UTK.bins.200
Loop37	SHSU.bins.292
Loop37	SHSU_active.final.52
Loop37	SHSU.bins.148
Loop37	SHSU.bins.50
Loop37	SHSU.bins.412
Loop37	CMU.bins.187
Loop37	SHSU_advanced.final.161
Loop37	UTK.bins.58
Loop37	SHSU_advanced.final.129
Loop37	SHSU.bins.556
Loop37	UTK.bins.42
Loop37	CMU.bins.62
Loop37	CMU.bins.181
Loop37	UTK.bins.17
Loop37	SHSU.bins.330
Loop37	UTK.bins.15
Loop37	CMU.bins.199
Loop38	UTK.bins.171
Loop38	CMU.bins.155
Loop38	CMU.bins.300
Loop38	CMU.bins.102
Loop38	SHSU.bins.205
Loop38	SHSU_advanced.final.161
Loop38	CMU.bins.224
Loop38	CMU_advanced.final.11
Loop38	SHSU.bins.40
Loop38	SHSU.bins.89
Loop38	CMU.bins.107
Loop38	CMU.bins.121
Loop38	UTK.bins.71
Loop38	SHSU.bins.59
Loop38	SHSU.bins.39
Loop38	CMU.bins.256
Loop38	UTK.bins.43
Loop38	SHSU.bins.289
Loop38	SHSU.bins.556
Loop38	CMU.bins.264
Loop39	SHSU.bins.178
Loop39	SHSU.bins.18
Loop39	CMU.bins.62
Loop39	SHSU.bins.466
Loop39	UTK_active.final.18
Loop39	SHSU.bins.101
Loop39	SHSU.bins.263
Loop39	CMU.bins.130
Loop39	SHSU.bins.49
Loop39	UTK.bins.176
Loop39	SHSU.bins.544
Loop39	SHSU.bins.157
Loop39	UTK.bins.141
Loop39	SHSU.bins.256
Loop39	SHSU.bins.240
Loop39	SHSU.bins.164
Loop39	CMU.bins.9
Loop39	CMU.bins.199
Loop39	SHSU_advanced.final.170
Loop39	SHSU_advanced.final.35
Loop40	SHSU.bins.49
Loop40	UTK.bins.37
Loop40	SHSU.bins.201
Loop40	SHSU_advanced.final.49
Loop40	SHSU.bins.40
Loop40	CMU.bins.252
Loop40	SHSU.bins.499
Loop40	SHSU.bins.267
Loop40	SHSU.bins.154
Loop40	SHSU.bins.238
Loop40	SHSU.bins.222
Loop40	CMU.bins.124
Loop40	SHSU.bins.79
Loop40	UTK.bins.200
Loop40	CMU.bins.102
Loop40	SHSU.bins.123
Loop40	SHSU.bins.50
Loop40	SHSU_advanced.final.124
Loop40	SHSU.bins.277
Loop40	UTK_active.final.18
Loop41	SHSU.bins.40
Loop41	UTK.bins.186
Loop41	SHSU.bins.118
Loop41	SHSU.bins.49
Loop41	SHSU.bins.222
Loop41	CMU.bins.184
Loop41	SHSU.bins.351
Loop41	CMU.bins.171
Loop41	CMU.bins.130
Loop41	UTK.bins.51
Loop41	CMU.bins.256
Loop41	UTK.bins.58
Loop41	SHSU_advanced.final.156
Loop41	SHSU.bins.22
Loop41	CMU.bins.155
Loop41	SHSU.bins.221
Loop41	CMU.bins.160
Loop41	CMU_active.final.40
Loop41	SHSU.bins.453
Loop41	SHSU.bins.246
Loop42	SHSU.bins.351
Loop42	SHSU.bins.56
Loop42	CMU.bins.43
Loop42	SHSU.bins.544
Loop42	SHSU.bins.393
Loop42	SHSU.bins.234
Loop42	UTK.bins.183
Loop42	SHSU.bins.217
Loop42	CMU.bins.249
Loop42	SHSU_advanced.final.35
Loop42	SHSU_advanced.final.156
Loop42	CMU.bins.121
Loop42	UTK.bins.171
Loop42	UTK.bins.200
Loop42	SHSU.bins.48
Loop42	SHSU.bins.361
Loop42	SHSU.bins.380
Loop42	UTK.bins.92
Loop42	CMU.bins.102
Loop42	SHSU.bins.329
Loop43	SHSU.bins.237
Loop43	UTK.bins.107
Loop43	SHSU.bins.264
Loop43	SHSU.bins.59
Loop43	UTK.bins.50
Loop43	UTK.bins.71
Loop43	SHSU_advanced.final.153
Loop43	CMU.bins.187
Loop43	SHSU.bins.219
Loop43	SHSU.bins.149
Loop43	CMU.bins.119
Loop43	SHSU.bins.64
Loop43	SHSU.bins.52
Loop43	UTK_active.final.8
Loop43	SHSU.bins.286
Loop43	SHSU.bins.335
Loop43	SHSU.bins.178
Loop43	CMU.bins.300
Loop43	SHSU.bins.561
Loop43	UTK.bins.200
Loop44	SHSU.bins.544
Loop44	UTK.bins.134
Loop44	UTK.bins.92
Loop44	CMU.bins.31
Loop44	SHSU_advanced.final.183
Loop44	SHSU.bins.332
Loop44	SHSU_advanced.final.42
Loop44	SHSU.bins.358
Loop44	SHSU.bins.48
Loop44	SHSU.bins.219
Loop44	SHSU.bins.22
Loop44	UTK.bins.143
Loop44	UTK.bins.114
Loop44	UTK.bins.50
Loop44	CMU.bins.107
Loop44	SHSU.bins.499
Loop44	SHSU_early.final.2
Loop44	CMU.bins.121
Loop44	SHSU_active.final.139
Loop44	SHSU.bins.240
Loop45	SHSU.bins.354
Loop45	CMU.bins.320
Loop45	SHSU.bins.89
Loop45	SHSU.bins.289
Loop45	SHSU_advanced.final.240
Loop45	SHSU_advanced.final.35
Loop45	SHSU.bins.164
Loop45	UTK.bins.58
Loop45	SHSU.bins.22
Loop45	SHSU.bins.48
Loop45	CMU.bins.181
Loop45	SHSU.bins.219
Loop45	SHSU.bins.163
Loop45	SHSU.bins.477
Loop45	SHSU.bins.150
Loop45	CMU.bins.252
Loop45	SHSU.bins.36
Loop45	SHSU.bins.238
Loop45	SHSU.bins.267
Loop45	SHSU.bins.221
Loop46	SHSU_advanced.final.136
Loop46	CMU.bins.307
Loop46	UTK.bins.184
Loop46	SHSU.bins.42
Loop46	SHSU_active.final.35
Loop46	SHSU_advanced.final.69
Loop46	UTK_active.final.26
Loop46	SHSU.bins.195
Loop46	SHSU.bins.335
Loop46	UTK.bins.114
Loop46	CMU.bins.233
Loop46	SHSU.bins.83
Loop46	SHSU.bins.22
Loop46	UTK.bins.77
Loop46	CMU.bins.144
Loop46	SHSU.bins.451
Loop46	SHSU.bins.384
Loop46	SHSU_advanced.final.156
Loop46	CMU.bins.256
Loop46	SHSU.bins.88
Loop47	SHSU.bins.450
Loop47	SHSU.bins.544
Loop47	UTK.bins.134
Loop47	SHSU_advanced.final.260
Loop47	UTK.bins.42
Loop47	SHSU_advanced.final.161
Loop47	UTK.bins.192
Loop47	CMU.bins.144
Loop47	SHSU.bins.361
Loop47	SHSU.bins.443
Loop47	SHSU.bins.205
Loop47	SHSU.bins.365
Loop47	SHSU.bins.259
Loop47	UTK.bins.23
Loop47	SHSU.bins.27
Loop47	SHSU.bins.50
Loop47	CMU.bins.70
Loop47	CMU.bins.256
Loop47	UTK.bins.77
Loop47	SHSU.bins.39
Loop48	CMU.bins.106
Loop48	UTK.bins.84
Loop48	SHSU.bins.319
Loop48	SHSU.bins.443
Loop48	CMU_early.final.2
Loop48	SHSU.bins.466
Loop48	SHSU.bins.399
Loop48	CMU_active.final.40
Loop48	CMU.bins.70
Loop48	SHSU.bins.79
Loop48	CMU.bins.293
Loop48	SHSU.bins.286
Loop48	SHSU.bins.358
Loop48	SHSU.bins.382
Loop48	SHSU.bins.393
Loop48	CMU.bins.256
Loop48	SHSU.bins.246
Loop48	SHSU.bins.483
Loop48	UTK.bins.162
Loop48	UTK.bins.50
Loop49	SHSU.bins.556
Loop49	SHSU_active.final.55
Loop49	UTK.bins.192
Loop49	SHSU.bins.111
Loop49	CMU.bins.181
Loop49	UTK.bins.61
Loop49	SHSU.bins.354
Loop49	UTK.bins.27
Loop49	SHSU.bins.170
Loop49	UTK.bins.53
Loop49	CMU.bins.256
Loop49	SHSU.bins.393
Loop49	SHSU.bins.531
Loop49	UTK.bins.52
Loop49	SHSU.bins.64
Loop49	SHSU.bins.453
Loop49	SHSU.bins.455
Loop49	SHSU.bins.517
Loop49	CMU.bins.119
Loop49	SHSU.bins.49
Loop50	SHSU.bins.79
Loop50	CMU.bins.300
Loop50	SHSU.bins.393
Loop50	UTK.bins.37
Loop50	SHSU.bins.512
Loop50	CMU.bins.70
Loop50	CMU.bins.248
Loop50	SHSU.bins.111
Loop50	CMU.bins.320
Loop50	SHSU.bins.549
Loop50	SHSU.bins.191
Loop50	SHSU_active.final.81
Loop50	SHSU.bins.162
Loop50	SHSU.bins.149
Loop50	SHSU.bins.240
Loop50	CMU_advanced.final.11
Loop50	SHSU.bins.517
Loop50	CMU.bins.102
Loop50	CMU.bins.204
Loop50	CMU_early.final.61
Loop51	SHSU.bins.443
Loop51	CMU.bins.146
Loop51	SHSU.bins.191
Loop51	CMU.bins.43
Loop51	SHSU.bins.534
Loop51	SHSU.bins.105
Loop51	UTK.bins.19
Loop51	SHSU.bins.267
Loop51	CMU.bins.256
Loop51	SHSU.bins.492
Loop51	SHSU.bins.286
Loop51	UTK_active.final.44
Loop51	CMU.bins.67
Loop51	CMU.bins.252
Loop51	SHSU.bins.450
Loop51	SHSU.bins.157
Loop51	CMU.bins.247
Loop51	SHSU.bins.365
Loop51	CMU_early.final.2
Loop51	SHSU.bins.89
Loop52	CMU.bins.216
Loop52	UTK.bins.17
Loop52	SHSU_advanced.final.35
Loop52	CMU.bins.184
Loop52	CMU.bins.328
Loop52	UTK.bins.107
Loop52	SHSU.bins.111
Loop52	SHSU.bins.88
Loop52	SHSU_early.final.2
Loop52	CMU.bins.235
Loop52	SHSU.bins.47
Loop52	SHSU.bins.217
Loop52	SHSU.bins.292
Loop52	SHSU.bins.426
Loop52	CMU.bins.124
Loop52	SHSU.bins.204
Loop52	SHSU.bins.163
Loop52	CMU_active.final.40
Loop52	CMU.bins.199
Loop52	SHSU.bins.150
Loop53	UTK_active.final.26
Loop53	CMU.bins.62
Loop53	CMU.bins.202
Loop53	SHSU.bins.451
Loop53	SHSU.bins.83
Loop53	SHSU_early.final.2
Loop53	CMU.bins.199
Loop53	UTK.bins.126
Loop53	UTK.bins.171
Loop53	SHSU.bins.483
Loop53	CMU.bins.328
Loop53	SHSU.bins.105
Loop53	SHSU.bins.259
Loop53	SHSU_advanced.final.136
Loop53	UTK.bins.17
Loop53	SHSU.bins.205
Loop53	CMU.bins.8
Loop53	SHSU.bins.234
Loop53	SHSU.bins.173
Loop53	SHSU.bins.517
Loop54	SHSU.bins.84
Loop54	UTK.bins.84
Loop54	SHSU.bins.294
Loop54	CMU.bins.130
Loop54	UTK.bins.37
Loop54	SHSU.bins.50
Loop54	SHSU.bins.42
Loop54	SHSU_advanced.final.42
Loop54	SHSU.bins.562
Loop54	SHSU.bins.399
Loop54	UTK.bins.192
Loop54	CMU.bins.67
Loop54	UTK.bins.27
Loop54	SHSU.bins.264
Loop54	CMU_advanced.final.23
Loop54	SHSU.bins.162
Loop54	SHSU.bins.499
Loop54	CMU.bins.216
Loop54	UTK.bins.53
Loop54	SHSU.bins.402
Loop55	UTK_active.final.8
Loop55	SHSU.bins.56
Loop55	CMU.bins.160
Loop55	SHSU.bins.534
Loop55	SHSU_advanced.final.183
Loop55	UTK.bins.37
Loop55	UTK.bins.171
Loop55	CMU.bins.144
Loop55	SHSU.bins.450
Loop55	UTK.bins.162
Loop55	SHSU.bins.353
Loop55	CMU.bins.320
Loop55	SHSU.bins.154
Loop55	UTK.bins.192
Loop55	UTK.bins.50
Loop55	SHSU.bins.162
Loop55	SHSU.bins.277
Loop55	UTK.bins.15
Loop55	SHSU.bins.15
Loop55	SHSU.bins.335
Loop56	SHSU.bins.83
Loop56	CMU.bins.146
Loop56	SHSU.bins.163
Loop56	SHSU.bins.201
Loop56	SHSU.bins.164
Loop56	SHSU.bins.459
Loop56	SHSU.bins.237
Loop56	CMU_active.final.59
Loop56	UTK.bins.114
Loop56	CMU.bins.233
Loop56	UTK.bins.84
Loop56	CMU.bins.31
Loop56	SHSU.bins.351
Loop56	UTK.bins.50
Loop56	SHSU.bins.118
Loop56	UTK.bins.55
Loop56	SHSU_advanced.final.69
Loop56	SHSU.bins.105
Loop56	CMU.bins.62
Loop56	SHSU_advanced.final.149
Loop57	SHSU.bins.289
Loop57	CMU.bins.59
Loop57	SHSU.bins.267
Loop57	CMU.bins.293
Loop57	CMU.bins.261
Loop57	CMU.bins.320
Loop57	UTK.bins.55
Loop57	UTK.bins.113
Loop57	CMU.bins.160
Loop57	SHSU.bins.83
Loop57	CMU.bins.247
Loop57	SHSU.bins.202
Loop57	SHSU.bins.361
Loop57	CMU.bins.8
Loop57	SHSU.bins.483
Loop57	SHSU_active.final.30
Loop57	UTK.bins.141
Loop57	SHSU.bins.393
Loop57	SHSU_active.final.139
Loop57	SHSU.bins.336
Loop58	CMU.bins.9
Loop58	UTK.bins.176
Loop58	SHSU_advanced.final.124
Loop58	CMU.bins.67
Loop58	SHSU.bins.393
Loop58	SHSU.bins.336
Loop58	SHSU.bins.335
Loop58	UTK.bins.186
Loop58	SHSU.bins.220
Loop58	CMU.bins.320
Loop58	CMU.bins.8
Loop58	SHSU.bins.50
Loop58	CMU.bins.160
Loop58	UTK.bins.77
Loop58	UTK.bins.23
Loop58	SHSU.bins.556
Loop58	SHSU.bins.565
Loop58	SHSU.bins.466
Loop58	SHSU_early.final.2
Loop58	SHSU.bins.530
Loop59	SHSU.bins.459
Loop59	CMU.bins.160
Loop59	SHSU_active.final.50
Loop59	UTK.bins.134
Loop59	CMU.bins.121
Loop59	SHSU.bins.42
Loop59	SHSU.bins.105
Loop59	SHSU.bins.49
Loop59	SHSU.bins.89
Loop59	SHSU.bins.220
Loop59	UTK.bins.42
Loop59	SHSU.bins.88
Loop59	CMU.bins.126
Loop59	SHSU_advanced.final.136
Loop59	UTK.bins.58
Loop59	CMU.bins.352
Loop59	SHSU.bins.562
Loop59	UTK.bins.51
Loop59	CMU.bins.264
Loop59	SHSU_advanced.final.170
Loop60	SHSU.bins.178
Loop60	CMU.bins.9
Loop60	SHSU_advanced.final.240
Loop60	SHSU.bins.202
Loop60	UTK.bins.162
Loop60	SHSU.bins.246
Loop60	SHSU.bins.36
Loop60	CMU.bins.199
Loop60	SHSU.bins.459
Loop60	CMU_advanced.final.13
Loop60	SHSU_advanced.final.42
Loop60	SHSU_advanced.final.136
Loop60	SHSU.bins.451
Loop60	SHSU.bins.162
Loop60	SHSU.bins.148
Loop60	UTK.bins.134
Loop60	SHSU.bins.351
Loop60	SHSU_advanced.final.227
Loop60	UTK.bins.50
Loop60	SHSU_advanced.final.149
Loop61	SHSU.bins.459
Loop61	UTK.bins.33
Loop61	UTK.bins.107
Loop61	UTK.bins.113
Loop61	CMU_early.final.2
Loop61	SHSU_advanced.final.252
Loop61	SHSU.bins.451
Loop61	SHSU.bins.101
Loop61	SHSU.bins.84
Loop61	CMU.bins.119
Loop61	SHSU.bins.420
Loop61	SHSU.bins.256
Loop61	CMU.bins.256
Loop61	SHSU_active.final.55
Loop61	SHSU.bins.164
Loop61	CMU.bins.99
Loop61	SHSU.bins.289
Loop61	SHSU.bins.72
Loop61	UTK.bins.27
Loop61	SHSU.bins.380
Loop62	SHSU.bins.204
Loop62	SHSU_advanced.final.252
Loop62	SHSU.bins.292
Loop62	SHSU_advanced.final.240
Loop62	SHSU.bins.365
Loop62	SHSU.bins.201
Loop62	UTK.bins.84
Loop62	SHSU.bins.164
Loop62	SHSU_advanced.final.136
Loop62	SHSU.bins.131
Loop62	SHSU.bins.219
Loop62	UTK_active.final.8
Loop62	CMU.bins.224
Loop62	SHSU.bins.221
Loop62	SHSU.bins.5
Loop62	CMU.bins.146
Loop62	SHSU.bins.294
Loop62	SHSU.bins.48
Loop62	CMU.bins.235
Loop62	SHSU.bins.384
Loop63	SHSU.bins.353
Loop63	SHSU.bins.336
Loop63	SHSU_advanced.final.149
Loop63	SHSU.bins.438
Loop63	CMU_early.final.61
Loop63	SHSU.bins.217
Loop63	UTK_active.final.44
Loop63	SHSU_advanced.final.153
Loop63	SHSU.bins.48
Loop63	SHSU.bins.190
Loop63	SHSU.bins.131
Loop63	SHSU_advanced.final.42
Loop63	SHSU.bins.204
Loop63	SHSU_advanced.final.129
Loop63	SHSU_advanced.final.227
Loop63	UTK.bins.134
Loop63	SHSU.bins.175
Loop63	SHSU_active.final.50
Loop63	CMU.bins.43
Loop63	SHSU_advanced.final.124
Loop64	CMU.bins.264
Loop64	SHSU.bins.517
Loop64	SHSU.bins.167
Loop64	SHSU.bins.162
Loop64	SHSU.bins.192
Loop64	SHSU_active.final.30
Loop64	UTK.bins.53
Loop64	SHSU.bins.15
Loop64	SHSU.bins.451
Loop64	SHSU.bins.492
Loop64	SHSU.bins.353
Loop64	SHSU_active.final.35
Loop64	UTK.bins.107
Loop64	CMU.bins.307
Loop64	SHSU.bins.235
Loop64	SHSU.bins.64
Loop64	SHSU.bins.47
Loop64	CMU.bins.340
Loop64	SHSU.bins.450
Loop64	UTK_active.final.8
Loop65	SHSU.bins.256
Loop65	CMU.bins.216
Loop65	CMU.bins.328
Loop65	SHSU_advanced.final.170
Loop65	SHSU.bins.403
Loop65	SHSU.bins.534
Loop65	SHSU.bins.162
Loop65	CMU.bins.8
Loop65	UTK.bins.107
Loop65	CMU.bins.233
Loop65	SHSU.bins.361
Loop65	SHSU.bins.201
Loop65	SHSU_active.final.52
Loop65	UTK.bins.33
Loop65	CMU_early.final.5
Loop65	SHSU.bins.195
Loop65	SHSU_active.final.81
Loop65	SHSU.bins.149
Loop65	CMU.bins.297
Loop65	SHSU.bins.549
Loop66	CMU.bins.233
Loop66	CMU.bins.187
Loop66	UTK.bins.61
Loop66	SHSU.bins.353
Loop66	SHSU_active.final.81
Loop66	SHSU_advanced.final.227
Loop66	SHSU.bins.157
Loop66	SHSU.bins.517
Loop66	SHSU.bins.382
Loop66	UTK.bins.84
Loop66	SHSU.bins.221
Loop66	SHSU.bins.544
Loop66	CMU.bins.248
Loop66	SHSU_advanced.final.37
Loop66	CMU.bins.9
Loop66	SHSU.bins.531
Loop66	UTK.bins.143
Loop66	UTK.bins.186
Loop66	SHSU.bins.191
Loop66	UTK.bins.183
Loop67	SHSU.bins.451
Loop67	SHSU.bins.47
Loop67	SHSU_advanced.final.35
Loop67	SHSU_advanced.final.183
Loop67	CMU.bins.199
Loop67	SHSU.bins.89
Loop67	SHSU.bins.190
Loop67	SHSU_advanced.final.49
Loop67	SHSU.bins.49
Loop67	SHSU.bins.477
Loop67	CMU.bins.126
Loop67	SHSU.bins.260
Loop67	UTK.bins.37
Loop67	SHSU.bins.52
Loop67	SHSU.bins.79
Loop67	SHSU_advanced.final.227
Loop67	CMU.bins.59
Loop67	UTK.bins.71
Loop67	SHSU.bins.13
Loop67	SHSU.bins.192
Loop68	SHSU.bins.358
Loop68	SHSU_advanced.final.37
Loop68	CMU.bins.264
Loop68	SHSU.bins.36
Loop68	CMU_active.final.40
Loop68	CMU.bins.233
Loop68	SHSU.bins.192
Loop68	SHSU.bins.420
Loop68	SHSU_active.final.30
Loop68	SHSU.bins.319
Loop68	SHSU.bins.329
Loop68	UTK.bins.17
Loop68	SHSU.bins.64
Loop68	SHSU.bins.68
Loop68	SHSU.bins.123
Loop68	UTK.bins.55
Loop68	UTK.bins.186
Loop68	SHSU.bins.150
Loop68	SHSU.bins.365
Loop68	UTK_active.final.26
Loop69	SHSU.bins.201
Loop69	SHSU.bins.52
Loop69	SHSU.bins.420
Loop69	SHSU.bins.336
Loop69	UTK.bins.113
Loop69	SHSU.bins.246
Loop69	CMU.bins.119
Loop69	CMU_advanced.final.13
Loop69	SHSU.bins.267
Loop69	SHSU.bins.534
Loop69	UTK.bins.143
Loop69	CMU.bins.320
Loop69	UTK.bins.61
Loop69	UTK.bins.52
Loop69	UTK.bins.186
Loop69	CMU.bins.70
Loop69	UTK.bins.15
Loop69	SHSU.bins.202
Loop69	CMU.bins.248
Loop69	SHSU.bins.220
Loop70	CMU.bins.160
Loop70	UTK_advanced.final.10
Loop70	SHSU_active.final.139
Loop70	SHSU.bins.49
Loop70	SHSU.bins.549
Loop70	SHSU.bins.13
Loop70	SHSU_advanced.final.227
Loop70	CMU.bins.264
Loop70	CMU.bins.171
Loop70	CMU.bins.248
Loop70	CMU.bins.43
Loop70	CMU.bins.155
Loop70	CMU.bins.70
Loop70	SHSU.bins.132
Loop70	SHSU.bins.84
Loop70	UTK_active.final.26
Loop70	CMU.bins.233
Loop70	SHSU.bins.420
Loop70	CMU_early.final.2
Loop70	SHSU.bins.175
Loop71	SHSU.bins.148
Loop71	SHSU.bins.450
Loop71	SHSU.bins.534
Loop71	SHSU.bins.517
Loop71	CMU.bins.352
Loop71	SHSU_advanced.final.153
Loop71	SHSU.bins.336
Loop71	UTK.bins.71
Loop71	CMU.bins.106
Loop71	SHSU_advanced.final.129
Loop71	SHSU.bins.319
Loop71	SHSU.bins.443
Loop71	UTK.bins.143
Loop71	SHSU.bins.192
Loop71	SHSU.bins.48
Loop71	UTK.bins.183
Loop71	SHSU.bins.459
Loop71	CMU.bins.249
Loop71	CMU.bins.293
Loop71	CMU.bins.224
Loop72	CMU.bins.31
Loop72	SHSU_advanced.final.47
Loop72	SHSU_advanced.final.124
Loop72	SHSU.bins.79
Loop72	UTK.bins.141
Loop72	SHSU.bins.365
Loop72	CMU.bins.43
Loop72	SHSU.bins.358
Loop72	CMU.bins.256
Loop72	SHSU_active.final.35
Loop72	SHSU.bins.190
Loop72	CMU.bins.119
Loop72	SHSU.bins.556
Loop72	SHSU.bins.235
Loop72	CMU.bins.9
Loop72	SHSU_advanced.final.153
Loop72	SHSU.bins.562
Loop72	UTK.bins.107
Loop72	SHSU.bins.351
Loop72	SHSU.bins.286
Loop73	SHSU.bins.292
Loop73	SHSU.bins.294
Loop73	SHSU.bins.402
Loop73	SHSU.bins.276
Loop73	SHSU.bins.222
Loop73	SHSU.bins.565
Loop73	SHSU.bins.358
Loop73	CMU.bins.146
Loop73	SHSU.bins.451
Loop73	SHSU.bins.52
Loop73	SHSU_advanced.final.37
Loop73	SHSU.bins.234
Loop73	SHSU.bins.221
Loop73	SHSU.bins.492
Loop73	SHSU.bins.13
Loop73	SHSU.bins.267
Loop73	CMU.bins.187
Loop73	CMU.bins.352
Loop73	CMU_active.final.40
Loop73	SHSU_advanced.final.149
Loop74	SHSU.bins.443
Loop74	SHSU.bins.162
Loop74	SHSU_active.final.55
Loop74	CMU.bins.249
Loop74	SHSU.bins.513
Loop74	UTK.bins.27
Loop74	SHSU.bins.181
Loop74	CMU.bins.23
Loop74	CMU.bins.119
Loop74	CMU.bins.297
Loop74	SHSU.bins.453
Loop74	SHSU.bins.79
Loop74	SHSU.bins.332
Loop74	SHSU.bins.118
Loop74	CMU.bins.8
Loop74	SHSU.bins.72
Loop74	SHSU.bins.59
Loop74	SHSU.bins.186
Loop74	CMU.bins.216
Loop74	SHSU.bins.384
Loop75	UTK.bins.37
Loop75	CMU.bins.155
Loop75	SHSU.bins.466
Loop75	SHSU_active.final.134
Loop75	SHSU.bins.205
Loop75	SHSU.bins.131
Loop75	SHSU.bins.111
Loop75	SHSU.bins.42
Loop75	SHSU.bins.150
Loop75	CMU.bins.233
Loop75	SHSU_advanced.final.149
Loop75	CMU.bins.119
Loop75	SHSU.bins.40
Loop75	SHSU.bins.329
Loop75	UTK.bins.183
Loop75	SHSU.bins.22
Loop75	SHSU.bins.438
Loop75	SHSU.bins.64
Loop75	SHSU.bins.549
Loop75	SHSU_active.final.55
Loop76	CMU.bins.67
Loop76	SHSU_active.final.35
Loop76	UTK.bins.52
Loop76	CMU.bins.146
Loop76	SHSU.bins.163
Loop76	CMU.bins.130
Loop76	CMU.bins.249
Loop76	SHSU.bins.42
Loop76	SHSU.bins.202
Loop76	SHSU.bins.335
Loop76	CMU.bins.320
Loop76	CMU_early.final.5
Loop76	SHSU.bins.512
Loop76	SHSU.bins.453
Loop76	CMU.bins.248
Loop76	SHSU_advanced.final.149
Loop76	CMU.bins.199
Loop76	CMU.bins.23
Loop76	SHSU.bins.530
Loop76	CMU.bins.307
Loop77	CMU.bins.99
Loop77	SHSU_advanced.final.227
Loop77	SHSU.bins.105
Loop77	SHSU_advanced.final.129
Loop77	CMU.bins.5
Loop77	SHSU.bins.399
Loop77	SHSU.bins.89
Loop77	SHSU.bins.402
Loop77	SHSU.bins.84
Loop77	SHSU_advanced.final.49
Loop77	SHSU.bins.426
Loop77	CMU.bins.340
Loop77	CMU_active.final.40
Loop77	SHSU.bins.220
Loop77	SHSU.bins.83
Loop77	SHSU.bins.277
Loop77	SHSU.bins.173
Loop77	SHSU_advanced.final.42
Loop77	SHSU_advanced.final.35
Loop77	SHSU.bins.56
Loop78	UTK.bins.55
Loop78	CMU.bins.187
Loop78	SHSU.bins.64
Loop78	CMU.bins.43
Loop78	CMU.bins.256
Loop78	SHSU.bins.173
Loop78	SHSU.bins.118
Loop78	UTK_advanced.final.10
Loop78	UTK.bins.23
Loop78	CMU.bins.216
Loop78	SHSU.bins.162
Loop78	SHSU.bins.329
Loop78	SHSU.bins.204
Loop78	SHSU_advanced.final.42
Loop78	SHSU.bins.178
Loop78	UTK.bins.52
Loop78	SHSU.bins.259
Loop78	UTK.bins.186
Loop78	SHSU.bins.319
Loop78	CMU.bins.107
Loop79	CMU.bins.248
Loop79	CMU.bins.181
Loop79	CMU.bins.124
Loop79	UTK.bins.107
Loop79	SHSU.bins.353
Loop79	SHSU_advanced.final.35
Loop79	CMU.bins.264
Loop79	SHSU.bins.549
Loop79	SHSU.bins.132
Loop79	UTK.bins.113
Loop79	SHSU.bins.88
Loop79	UTK.bins.71
Loop79	SHSU_advanced.final.69
Loop79	CMU.bins.184
Loop79	SHSU.bins.173
Loop79	CMU.bins.340
Loop79	SHSU_active.final.55
Loop79	CMU.bins.43
Loop79	CMU_active.final.59
Loop79	SHSU.bins.264
Loop80	SHSU_advanced.final.42
Loop80	SHSU_active.final.35
Loop80	SHSU.bins.178
Loop80	CMU.bins.181
Loop80	SHSU.bins.330
Loop80	SHSU.bins.27
Loop80	CMU.bins.297
Loop80	SHSU_advanced.final.252
Loop80	SHSU.bins.561
Loop80	SHSU.bins.36
Loop80	UTK.bins.71
Loop80	CMU.bins.196
Loop80	CMU.bins.70
Loop80	SHSU_advanced.final.183
Loop80	SHSU_active.final.134
Loop80	CMU.bins.249
Loop80	SHSU_active.final.30
Loop80	SHSU.bins.512
Loop80	UTK.bins.50
Loop80	SHSU.bins.190
Loop81	SHSU.bins.353
Loop81	UTK.bins.77
Loop81	CMU.bins.119
Loop81	SHSU.bins.260
Loop81	SHSU.bins.402
Loop81	CMU.bins.199
Loop81	CMU.bins.59
Loop81	CMU.bins.297
Loop81	UTK_active.final.44
Loop81	UTK.bins.61
Loop81	SHSU.bins.263
Loop81	SHSU_active.final.50
Loop81	UTK.bins.33
Loop81	SHSU.bins.221
Loop81	SHSU.bins.237
Loop81	SHSU.bins.562
Loop81	SHSU_advanced.final.161
Loop81	UTK_active.final.26
Loop81	CMU.bins.102
Loop81	CMU.bins.43
Loop82	CMU.bins.106
Loop82	UTK_active.final.8
Loop82	SHSU.bins.39
Loop82	SHSU.bins.438
Loop82	CMU.bins.320
Loop82	CMU.bins.124
Loop82	SHSU_active.final.52
Loop82	SHSU.bins.64
Loop82	UTK.bins.77
Loop82	CMU.bins.181
Loop82	UTK.bins.33
Loop82	CMU.bins.264
Loop82	UTK.bins.61
Loop82	SHSU.bins.451
Loop82	SHSU.bins.190
Loop82	UTK.bins.114
Loop82	SHSU.bins.59
Loop82	SHSU.bins.132
Loop82	CMU.bins.5
Loop82	CMU.bins.216
Loop83	SHSU.bins.402
Loop83	CMU_advanced.final.11
Loop83	SHSU.bins.72
Loop83	CMU.bins.67
Loop83	SHSU.bins.438
Loop83	SHSU.bins.59
Loop83	UTK.bins.92
Loop83	SHSU.bins.118
Loop83	SHSU.bins.393
Loop83	UTK.bins.64
Loop83	SHSU.bins.335
Loop83	CMU.bins.9
Loop83	SHSU.bins.79
Loop83	SHSU.bins.123
Loop83	SHSU.bins.191
Loop83	SHSU.bins.426
Loop83	SHSU.bins.234
Loop83	SHSU.bins.380
Loop83	SHSU_active.final.55
Loop83	SHSU.bins.443
Loop84	SHSU.bins.47
Loop84	CMU.bins.99
Loop84	SHSU.bins.222
Loop84	SHSU_active.final.81
Loop84	SHSU.bins.246
Loop84	SHSU.bins.292
Loop84	CMU.bins.184
Loop84	CMU_advanced.final.11
Loop84	CMU.bins.252
Loop84	SHSU_advanced.final.37
Loop84	SHSU_active.final.139
Loop84	CMU.bins.43
Loop84	SHSU.bins.83
Loop84	SHSU.bins.52
Loop84	UTK.bins.84
Loop84	SHSU_advanced.final.69
Loop84	SHSU.bins.399
Loop84	SHSU.bins.50
Loop84	SHSU_advanced.final.136
Loop84	UTK.bins.19
Loop85	SHSU.bins.292
Loop85	CMU.bins.8
Loop85	SHSU.bins.40
Loop85	SHSU.bins.190
Loop85	CMU.bins.256
Loop85	UTK.bins.141
Loop85	SHSU.bins.466
Loop85	SHSU.bins.336
Loop85	SHSU.bins.205
Loop85	SHSU.bins.111
Loop85	SHSU.bins.157
Loop85	SHSU.bins.22
Loop85	SHSU.bins.544
Loop85	UTK.bins.55
Loop85	CMU.bins.199
Loop85	SHSU.bins.289
Loop85	UTK.bins.192
Loop85	CMU.bins.264
Loop85	CMU.bins.300
Loop85	SHSU.bins.240
Loop86	SHSU.bins.217
Loop86	SHSU.bins.353
Loop86	SHSU_advanced.final.69
Loop86	SHSU.bins.132
Loop86	CMU.bins.5
Loop86	SHSU.bins.259
Loop86	SHSU.bins.89
Loop86	SHSU.bins.286
Loop86	CMU.bins.187
Loop86	SHSU.bins.238
Loop86	SHSU.bins.13
Loop86	SHSU.bins.319
Loop86	SHSU.bins.118
Loop86	SHSU.bins.220
Loop86	UTK.bins.50
Loop86	SHSU.bins.384
Loop86	SHSU.bins.50
Loop86	SHSU.bins.443
Loop86	SHSU.bins.167
Loop86	SHSU_advanced.final.37
Loop87	UTK.bins.162
Loop87	SHSU.bins.380
Loop87	CMU.bins.204
Loop87	CMU.bins.160
Loop87	CMU_advanced.final.11
Loop87	SHSU.bins.68
Loop87	SHSU.bins.150
Loop87	SHSU.bins.173
Loop87	UTK.bins.92
Loop87	UTK.bins.84
Loop87	SHSU.bins.40
Loop87	UTK.bins.64
Loop87	CMU.bins.307
Loop87	CMU_advanced.final.13
Loop87	SHSU.bins.351
Loop87	SHSU.bins.22
Loop87	SHSU.bins.403
Loop87	UTK.bins.33
Loop87	CMU.bins.130
Loop87	SHSU.bins.131
Loop88	SHSU.bins.336
Loop88	SHSU.bins.402
Loop88	CMU.bins.124
Loop88	SHSU.bins.48
Loop88	UTK_active.final.18
Loop88	SHSU.bins.170
Loop88	SHSU.bins.556
Loop88	SHSU.bins.412
Loop88	SHSU.bins.79
Loop88	CMU.bins.8
Loop88	SHSU.bins.148
Loop88	UTK.bins.61
Loop88	UTK.bins.19
Loop88	UTK.bins.27
Loop88	SHSU.bins.483
Loop88	SHSU.bins.162
Loop88	SHSU.bins.181
Loop88	SHSU.bins.260
Loop88	CMU.bins.130
Loop88	UTK.bins.43
Loop89	UTK.bins.27
Loop89	SHSU.bins.234
Loop89	SHSU.bins.191
Loop89	SHSU.bins.380
Loop89	SHSU.bins.79
Loop89	CMU.bins.235
Loop89	CMU_active.final.59
Loop89	CMU.bins.146
Loop89	SHSU.bins.15
Loop89	SHSU.bins.332
Loop89	UTK.bins.51
Loop89	SHSU.bins.530
Loop89	SHSU.bins.246
Loop89	SHSU.bins.217
Loop89	SHSU.bins.336
Loop89	SHSU.bins.453
Loop89	SHSU.bins.175
Loop89	SHSU_advanced.final.153
Loop89	SHSU.bins.259
Loop89	UTK.bins.15
Loop90	SHSU.bins.277
Loop90	CMU.bins.126
Loop90	UTK.bins.92
Loop90	SHSU.bins.453
Loop90	CMU_advanced.final.11
Loop90	SHSU.bins.384
Loop90	SHSU_advanced.final.149
Loop90	SHSU_advanced.final.47
Loop90	SHSU.bins.181
Loop90	SHSU.bins.380
Loop90	SHSU.bins.68
Loop90	SHSU.bins.89
Loop90	SHSU.bins.204
Loop90	SHSU_advanced.final.227
Loop90	UTK.bins.186
Loop90	SHSU.bins.50
Loop90	SHSU.bins.150
Loop90	SHSU_early.final.2
Loop90	UTK.bins.50
Loop90	SHSU.bins.382
Loop91	SHSU.bins.167
Loop91	SHSU.bins.238
Loop91	SHSU_active.final.30
Loop91	CMU.bins.67
Loop91	SHSU.bins.22
Loop91	CMU.bins.187
Loop91	SHSU.bins.512
Loop91	CMU.bins.204
Loop91	SHSU.bins.492
Loop91	SHSU.bins.393
Loop91	CMU.bins.99
Loop91	SHSU_advanced.final.69
Loop91	SHSU.bins.50
Loop91	SHSU.bins.195
Loop91	UTK.bins.23
Loop91	SHSU.bins.27
Loop91	SHSU_advanced.final.153
Loop91	SHSU.bins.453
Loop91	SHSU.bins.154
Loop91	CMU.bins.264
Loop92	SHSU.bins.259
Loop92	SHSU.bins.204
Loop92	SHSU.bins.450
Loop92	SHSU_active.final.52
Loop92	CMU_active.final.40
Loop92	SHSU.bins.217
Loop92	SHSU.bins.240
Loop92	SHSU.bins.178
Loop92	CMU_early.final.2
Loop92	SHSU.bins.40
Loop92	SHSU.bins.549
Loop92	SHSU.bins.477
Loop92	CMU.bins.199
Loop92	UTK.bins.50
Loop92	SHSU.bins.358
Loop92	UTK.bins.134
Loop92	CMU.bins.352
Loop92	SHSU.bins.256
Loop92	UTK.bins.77
Loop92	SHSU.bins.18
Loop93	CMU_early.final.61
Loop93	SHSU.bins.68
Loop93	UTK.bins.134
Loop93	UTK_active.final.18
Loop93	SHSU.bins.556
Loop93	SHSU.bins.219
Loop93	SHSU_active.final.50
Loop93	SHSU.bins.48
Loop93	SHSU.bins.466
Loop93	SHSU.bins.517
Loop93	SHSU.bins.154
Loop93	SHSU.bins.84
Loop93	CMU.bins.307
Loop93	CMU_early.final.2
Loop93	UTK.bins.184
Loop93	UTK.bins.37
Loop93	CMU.bins.248
Loop93	SHSU.bins.79
Loop93	SHSU.bins.201
Loop93	UTK.bins.55
Loop94	SHSU.bins.195
Loop94	CMU.bins.352
Loop94	SHSU_active.final.134
Loop94	SHSU.bins.276
Loop94	UTK.bins.162
Loop94	SHSU_advanced.final.161
Loop94	SHSU.bins.412
Loop94	UTK_advanced.final.10
Loop94	SHSU.bins.403
Loop94	UTK.bins.71
Loop94	SHSU.bins.202
Loop94	CMU.bins.224
Loop94	CMU_early.final.5
Loop94	SHSU.bins.235
Loop94	SHSU.bins.105
Loop94	UTK.bins.15
Loop94	UTK.bins.184
Loop94	CMU.bins.102
Loop94	CMU_early.final.61
Loop94	SHSU.bins.22
Loop95	CMU_advanced.final.13
Loop95	SHSU.bins.186
Loop95	SHSU.bins.459
Loop95	SHSU.bins.292
Loop95	SHSU.bins.88
Loop95	CMU.bins.9
Loop95	UTK.bins.53
Loop95	SHSU.bins.443
Loop95	UTK_active.final.26
Loop95	UTK_active.final.44
Loop95	SHSU.bins.148
Loop95	SHSU.bins.181
Loop95	UTK.bins.51
Loop95	SHSU_advanced.final.227
Loop95	SHSU_advanced.final.153
Loop95	SHSU.bins.402
Loop95	SHSU.bins.354
Loop95	CMU.bins.23
Loop95	SHSU.bins.72
Loop95	SHSU.bins.358
Loop96	SHSU_active.final.55
Loop96	SHSU.bins.68
Loop96	SHSU.bins.40
Loop96	SHSU_advanced.final.161
Loop96	SHSU.bins.259
Loop96	UTK.bins.176
Loop96	SHSU.bins.238
Loop96	UTK.bins.143
Loop96	UTK.bins.113
Loop96	CMU.bins.5
Loop96	CMU.bins.171
Loop96	SHSU.bins.50
Loop96	CMU.bins.67
Loop96	UTK.bins.33
Loop96	SHSU.bins.167
Loop96	CMU.bins.300
Loop96	CMU_active.final.40
Loop96	CMU.bins.261
Loop96	SHSU.bins.83
Loop96	SHSU.bins.499
Loop97	SHSU.bins.263
Loop97	CMU.bins.70
Loop97	SHSU.bins.88
Loop97	SHSU.bins.246
Loop97	SHSU_advanced.final.227
Loop97	UTK.bins.134
Loop97	CMU.bins.204
Loop97	UTK.bins.61
Loop97	SHSU.bins.256
Loop97	SHSU.bins.294
Loop97	UTK_active.final.26
Loop97	CMU.bins.261
Loop97	CMU.bins.264
Loop97	SHSU.bins.49
Loop97	SHSU.bins.89
Loop97	SHSU.bins.222
Loop97	SHSU.bins.150
Loop97	SHSU.bins.562
Loop97	SHSU.bins.131
Loop97	SHSU_advanced.final.69
Loop98	SHSU_advanced.final.37
Loop98	UTK_active.final.44
Loop98	SHSU.bins.259
Loop98	SHSU.bins.277
Loop98	SHSU.bins.27
Loop98	UTK.bins.43
Loop98	SHSU.bins.294
Loop98	CMU.bins.119
Loop98	UTK.bins.92
Loop98	SHSU.bins.420
Loop98	SHSU.bins.530
Loop98	SHSU.bins.292
Loop98	CMU.bins.261
Loop98	SHSU.bins.13
Loop98	SHSU.bins.393
Loop98	SHSU_active.final.134
Loop98	UTK.bins.17
Loop98	CMU.bins.171
Loop98	CMU.bins.62
Loop98	SHSU_advanced.final.227
Loop99	CMU.bins.196
Loop99	UTK_active.final.44
Loop99	UTK.bins.176
Loop99	SHSU.bins.531
Loop99	UTK.bins.77
Loop99	CMU.bins.352
Loop99	SHSU.bins.264
Loop99	CMU.bins.121
Loop99	SHSU.bins.84
Loop99	UTK.bins.162
Loop99	SHSU.bins.240
Loop99	SHSU.bins.162
Loop99	CMU.bins.320
Loop99	SHSU_advanced.final.47
Loop99	SHSU_active.final.139
Loop99	SHSU.bins.420
Loop99	SHSU.bins.222
Loop99	SHSU_active.final.30
Loop99	SHSU.bins.354
Loop99	SHSU.bins.237
Loop100	SHSU_active.final.30
Loop100	SHSU.bins.246
Loop100	UTK.bins.84
Loop100	SHSU.bins.294
Loop100	SHSU.bins.132
Loop100	UTK.bins.200
Loop100	SHSU.bins.455
Loop100	CMU.bins.130
Loop100	SHSU.bins.264
Loop100	SHSU.bins.84
Loop100	UTK.bins.53
Loop100	UTK_active.final.26
Loop100	UTK.bins.113
Loop100	SHSU_active.final.52
Loop100	SHSU.bins.186
Loop100	CMU.bins.293
Loop100	SHSU.bins.101
Loop100	CMU.bins.235
Loop100	SHSU.bins.56
Loop100	SHSU.bins.64
