Loop1	SHSU.bins.517
Loop1	SHSU.bins.384
Loop1	SHSU.bins.438
Loop1	CMU.bins.9
Loop1	SHSU.bins.426
Loop1	UTK.bins.126
Loop1	SHSU.bins.267
Loop1	UTK.bins.43
Loop1	SHSU.bins.204
Loop1	CMU.bins.297
Loop1	CMU.bins.224
Loop1	SHSU.bins.286
Loop1	SHSU_active.final.134
Loop1	UTK.bins.71
Loop1	SHSU.bins.173
Loop1	CMU_advanced.final.23
Loop1	SHSU.bins.351
Loop1	SHSU.bins.277
Loop1	SHSU.bins.205
Loop1	UTK.bins.171
Loop2	UTK.bins.58
Loop2	UTK.bins.186
Loop2	CMU.bins.62
Loop2	CMU.bins.121
Loop2	CMU.bins.307
Loop2	CMU_early.final.61
Loop2	SHSU.bins.132
Loop2	UTK.bins.171
Loop2	SHSU.bins.150
Loop2	SHSU.bins.235
Loop2	UTK.bins.176
Loop2	SHSU.bins.277
Loop2	UTK.bins.19
Loop2	CMU.bins.160
Loop2	CMU_early.final.5
Loop2	SHSU.bins.263
Loop2	SHSU.bins.426
Loop2	SHSU.bins.412
Loop2	CMU.bins.107
Loop2	CMU.bins.155
Loop3	CMU.bins.107
Loop3	SHSU.bins.186
Loop3	SHSU_active.final.30
Loop3	SHSU.bins.40
Loop3	CMU.bins.23
Loop3	CMU.bins.307
Loop3	SHSU.bins.154
Loop3	SHSU.bins.455
Loop3	SHSU.bins.170
Loop3	SHSU.bins.173
Loop3	SHSU.bins.277
Loop3	SHSU.bins.477
Loop3	UTK.bins.143
Loop3	SHSU_advanced.final.35
Loop3	SHSU_advanced.final.170
Loop3	SHSU.bins.71
Loop3	CMU.bins.224
Loop3	SHSU.bins.561
Loop3	SHSU.bins.492
Loop3	CMU.bins.264
Loop4	SHSU.bins.42
Loop4	SHSU.bins.154
Loop4	SHSU.bins.36
Loop4	SHSU.bins.50
Loop4	SHSU.bins.259
Loop4	SHSU.bins.289
Loop4	SHSU.bins.384
Loop4	SHSU.bins.56
Loop4	UTK_active.final.26
Loop4	SHSU.bins.148
Loop4	SHSU_active.final.50
Loop4	UTK.bins.50
Loop4	CMU_active.final.59
Loop4	CMU.bins.130
Loop4	CMU.bins.224
Loop4	SHSU.bins.420
Loop4	CMU.bins.184
Loop4	SHSU.bins.149
Loop4	SHSU.bins.330
Loop4	CMU.bins.235
Loop5	SHSU.bins.118
Loop5	CMU.bins.307
Loop5	UTK.bins.52
Loop5	SHSU.bins.68
Loop5	CMU.bins.256
Loop5	UTK.bins.55
Loop5	SHSU.bins.332
Loop5	SHSU.bins.84
Loop5	CMU.bins.119
Loop5	UTK.bins.183
Loop5	SHSU.bins.170
Loop5	SHSU.bins.89
Loop5	SHSU.bins.186
Loop5	SHSU.bins.15
Loop5	SHSU.bins.178
Loop5	SHSU.bins.201
Loop5	SHSU_advanced.final.206
Loop5	UTK.bins.143
Loop5	CMU.bins.31
Loop5	CMU.bins.248
Loop6	SHSU_advanced.final.206
Loop6	UTK.bins.171
Loop6	CMU.bins.124
Loop6	CMU.bins.261
Loop6	SHSU.bins.105
Loop6	CMU.bins.59
Loop6	UTK_active.final.8
Loop6	SHSU.bins.88
Loop6	CMU_advanced.final.13
Loop6	SHSU.bins.556
Loop6	SHSU_active.final.30
Loop6	SHSU_advanced.final.181
Loop6	CMU.bins.235
Loop6	CMU.bins.264
Loop6	SHSU_advanced.final.161
Loop6	UTK_active.final.18
Loop6	SHSU.bins.450
Loop6	CMU.bins.216
Loop6	SHSU.bins.459
Loop6	CMU.bins.9
Loop7	SHSU.bins.412
Loop7	SHSU.bins.453
Loop7	UTK.bins.15
Loop7	CMU.bins.224
Loop7	SHSU_advanced.final.42
Loop7	SHSU.bins.240
Loop7	SHSU.bins.531
Loop7	CMU.bins.146
Loop7	CMU_advanced.final.11
Loop7	SHSU_advanced.final.227
Loop7	SHSU.bins.15
Loop7	UTK.bins.184
Loop7	SHSU.bins.150
Loop7	CMU.bins.204
Loop7	CMU_early.final.5
Loop7	CMU.bins.31
Loop7	SHSU.bins.565
Loop7	SHSU.bins.131
Loop7	SHSU.bins.170
Loop7	SHSU.bins.466
Loop8	CMU.bins.130
Loop8	UTK.bins.33
Loop8	UTK.bins.61
Loop8	UTK.bins.37
Loop8	UTK.bins.15
Loop8	CMU.bins.146
Loop8	SHSU.bins.186
Loop8	UTK.bins.77
Loop8	SHSU.bins.162
Loop8	SHSU.bins.222
Loop8	CMU.bins.126
Loop8	CMU.bins.204
Loop8	SHSU.bins.48
Loop8	SHSU.bins.544
Loop8	CMU.bins.252
Loop8	SHSU.bins.534
Loop8	SHSU_active.final.50
Loop8	CMU.bins.307
Loop8	UTK.bins.114
Loop8	CMU_advanced.final.11
Loop9	SHSU.bins.329
Loop9	SHSU.bins.15
Loop9	CMU.bins.235
Loop9	UTK.bins.77
Loop9	SHSU.bins.71
Loop9	SHSU_active.final.139
Loop9	SHSU.bins.382
Loop9	SHSU.bins.27
Loop9	UTK.bins.19
Loop9	CMU.bins.187
Loop9	SHSU.bins.47
Loop9	UTK_advanced.final.10
Loop9	SHSU.bins.544
Loop9	UTK.bins.176
Loop9	CMU.bins.99
Loop9	UTK.bins.53
Loop9	SHSU.bins.181
Loop9	UTK.bins.55
Loop9	UTK.bins.17
Loop9	CMU.bins.252
Loop10	SHSU.bins.358
Loop10	SHSU_active.final.30
Loop10	SHSU.bins.88
Loop10	SHSU.bins.83
Loop10	SHSU.bins.530
Loop10	SHSU_advanced.final.129
Loop10	SHSU.bins.204
Loop10	CMU.bins.5
Loop10	SHSU.bins.267
Loop10	SHSU.bins.48
Loop10	SHSU.bins.412
Loop10	UTK_active.final.26
Loop10	SHSU_advanced.final.153
Loop10	SHSU.bins.531
Loop10	UTK.bins.61
Loop10	SHSU_advanced.final.49
Loop10	SHSU.bins.294
Loop10	SHSU_active.final.134
Loop10	SHSU.bins.286
Loop10	SHSU.bins.190
Loop11	SHSU.bins.562
Loop11	UTK.bins.15
Loop11	SHSU_active.final.30
Loop11	CMU.bins.300
Loop11	CMU.bins.328
Loop11	SHSU.bins.450
Loop11	CMU.bins.155
Loop11	UTK.bins.127
Loop11	SHSU.bins.157
Loop11	SHSU_active.final.55
Loop11	CMU.bins.130
Loop11	SHSU.bins.459
Loop11	SHSU.bins.319
Loop11	SHSU.bins.148
Loop11	SHSU_active.final.134
Loop11	SHSU_advanced.final.170
Loop11	SHSU.bins.84
Loop11	SHSU.bins.205
Loop11	CMU.bins.121
Loop11	SHSU.bins.329
Loop12	CMU.bins.70
Loop12	SHSU.bins.27
Loop12	SHSU.bins.56
Loop12	SHSU.bins.466
Loop12	CMU.bins.121
Loop12	UTK.bins.71
Loop12	SHSU.bins.48
Loop12	CMU.bins.144
Loop12	SHSU.bins.451
Loop12	CMU.bins.248
Loop12	SHSU.bins.365
Loop12	SHSU.bins.47
Loop12	CMU.bins.224
Loop12	SHSU_active.final.55
Loop12	SHSU.bins.79
Loop12	SHSU.bins.39
Loop12	SHSU_advanced.final.136
Loop12	SHSU.bins.222
Loop12	SHSU.bins.264
Loop12	SHSU.bins.68
Loop13	SHSU.bins.263
Loop13	SHSU.bins.5
Loop13	SHSU.bins.89
Loop13	SHSU.bins.178
Loop13	SHSU_active.final.139
Loop13	CMU.bins.252
Loop13	SHSU.bins.162
Loop13	SHSU.bins.79
Loop13	CMU.bins.328
Loop13	SHSU.bins.59
Loop13	SHSU.bins.358
Loop13	CMU.bins.106
Loop13	UTK.bins.84
Loop13	SHSU_active.final.50
Loop13	UTK.bins.15
Loop13	SHSU.bins.221
Loop13	SHSU.bins.170
Loop13	SHSU.bins.50
Loop13	CMU.bins.199
Loop13	CMU.bins.248
Loop14	CMU.bins.155
Loop14	SHSU.bins.256
Loop14	UTK.bins.107
Loop14	CMU.bins.264
Loop14	SHSU.bins.483
Loop14	SHSU.bins.84
Loop14	SHSU.bins.289
Loop14	UTK_active.final.26
Loop14	SHSU_advanced.final.49
Loop14	SHSU_advanced.final.227
Loop14	SHSU.bins.49
Loop14	SHSU.bins.123
Loop14	SHSU_active.final.52
Loop14	SHSU.bins.195
Loop14	SHSU.bins.332
Loop14	SHSU.bins.175
Loop14	CMU.bins.70
Loop14	CMU.bins.249
Loop14	SHSU.bins.72
Loop14	SHSU.bins.39
Loop15	SHSU_advanced.final.206
Loop15	SHSU.bins.47
Loop15	SHSU.bins.420
Loop15	CMU.bins.224
Loop15	SHSU_active.final.55
Loop15	CMU.bins.247
Loop15	SHSU.bins.27
Loop15	SHSU_advanced.final.37
Loop15	CMU_early.final.2
Loop15	UTK.bins.134
Loop15	UTK.bins.42
Loop15	UTK.bins.51
Loop15	SHSU.bins.50
Loop15	SHSU_advanced.final.227
Loop15	CMU.bins.256
Loop15	CMU.bins.264
Loop15	SHSU.bins.512
Loop15	UTK.bins.15
Loop15	SHSU.bins.450
Loop15	SHSU.bins.426
Loop16	SHSU.bins.477
Loop16	UTK.bins.58
Loop16	SHSU.bins.264
Loop16	SHSU.bins.412
Loop16	UTK.bins.77
Loop16	SHSU.bins.39
Loop16	SHSU.bins.15
Loop16	CMU.bins.62
Loop16	CMU.bins.181
Loop16	SHSU.bins.234
Loop16	SHSU.bins.384
Loop16	SHSU.bins.399
Loop16	UTK_active.final.44
Loop16	UTK_active.final.8
Loop16	UTK.bins.141
Loop16	CMU.bins.300
Loop16	CMU.bins.31
Loop16	SHSU.bins.246
Loop16	SHSU.bins.259
Loop16	SHSU.bins.201
Loop17	SHSU_advanced.final.198
Loop17	SHSU.bins.72
Loop17	SHSU.bins.5
Loop17	SHSU.bins.173
Loop17	SHSU.bins.393
Loop17	SHSU.bins.256
Loop17	CMU.bins.249
Loop17	SHSU.bins.412
Loop17	CMU.bins.67
Loop17	UTK_active.final.18
Loop17	SHSU.bins.123
Loop17	SHSU.bins.384
Loop17	SHSU_advanced.final.153
Loop17	SHSU.bins.365
Loop17	CMU.bins.184
Loop17	SHSU_advanced.final.240
Loop17	CMU.bins.31
Loop17	SHSU_advanced.final.156
Loop17	SHSU_active.final.50
Loop17	UTK.bins.141
Loop18	SHSU.bins.260
Loop18	UTK.bins.33
Loop18	SHSU.bins.443
Loop18	SHSU.bins.330
Loop18	SHSU.bins.89
Loop18	SHSU.bins.561
Loop18	SHSU.bins.259
Loop18	SHSU.bins.382
Loop18	SHSU.bins.335
Loop18	SHSU.bins.205
Loop18	SHSU.bins.47
Loop18	UTK.bins.43
Loop18	UTK.bins.183
Loop18	UTK.bins.141
Loop18	UTK.bins.50
Loop18	SHSU.bins.149
Loop18	SHSU.bins.42
Loop18	SHSU.bins.27
Loop18	SHSU.bins.50
Loop18	SHSU.bins.173
Loop19	CMU.bins.70
Loop19	CMU.bins.23
Loop19	UTK.bins.134
Loop19	UTK_advanced.final.10
Loop19	CMU.bins.300
Loop19	SHSU.bins.499
Loop19	SHSU.bins.358
Loop19	UTK.bins.52
Loop19	UTK.bins.141
Loop19	SHSU.bins.544
Loop19	UTK.bins.186
Loop19	CMU.bins.124
Loop19	SHSU_active.final.55
Loop19	SHSU_advanced.final.47
Loop19	SHSU.bins.88
Loop19	SHSU.bins.178
Loop19	SHSU_advanced.final.35
Loop19	CMU.bins.202
Loop19	CMU.bins.43
Loop19	SHSU.bins.149
Loop20	SHSU.bins.276
Loop20	SHSU.bins.399
Loop20	SHSU.bins.380
Loop20	CMU_early.final.5
Loop20	UTK.bins.51
Loop20	SHSU.bins.286
Loop20	SHSU.bins.412
Loop20	SHSU_active.final.139
Loop20	UTK_active.final.8
Loop20	CMU_active.final.40
Loop20	SHSU_advanced.final.47
Loop20	UTK_active.final.44
Loop20	CMU.bins.187
Loop20	UTK.bins.200
Loop20	SHSU_active.final.134
Loop20	SHSU_active.final.50
Loop20	SHSU.bins.22
Loop20	SHSU.bins.238
Loop20	SHSU_advanced.final.252
Loop20	SHSU.bins.88
Loop21	UTK.bins.51
Loop21	UTK.bins.33
Loop21	SHSU.bins.217
Loop21	SHSU.bins.173
Loop21	SHSU.bins.154
Loop21	SHSU.bins.459
Loop21	SHSU.bins.530
Loop21	SHSU.bins.47
Loop21	CMU.bins.102
Loop21	SHSU.bins.263
Loop21	SHSU_advanced.final.35
Loop21	CMU.bins.307
Loop21	UTK.bins.19
Loop21	SHSU.bins.292
Loop21	UTK.bins.64
Loop21	CMU.bins.352
Loop21	UTK.bins.171
Loop21	SHSU.bins.68
Loop21	SHSU.bins.277
Loop21	UTK.bins.176
Loop22	SHSU_active.final.134
Loop22	CMU.bins.199
Loop22	SHSU.bins.36
Loop22	SHSU.bins.47
Loop22	CMU.bins.196
Loop22	SHSU_active.final.35
Loop22	SHSU.bins.332
Loop22	CMU.bins.70
Loop22	SHSU.bins.105
Loop22	SHSU.bins.289
Loop22	SHSU.bins.286
Loop22	CMU.bins.187
Loop22	SHSU.bins.204
Loop22	CMU_advanced.final.13
Loop22	SHSU.bins.477
Loop22	UTK.bins.114
Loop22	UTK_active.final.44
Loop22	SHSU.bins.530
Loop22	SHSU_active.final.55
Loop22	CMU.bins.106
Loop23	SHSU.bins.351
Loop23	SHSU.bins.235
Loop23	CMU.bins.144
Loop23	SHSU.bins.40
Loop23	UTK_advanced.final.10
Loop23	SHSU_advanced.final.49
Loop23	SHSU_advanced.final.156
Loop23	UTK.bins.186
Loop23	UTK.bins.200
Loop23	SHSU.bins.513
Loop23	SHSU.bins.384
Loop23	SHSU.bins.365
Loop23	SHSU.bins.170
Loop23	SHSU.bins.163
Loop23	CMU.bins.196
Loop23	SHSU.bins.149
Loop23	CMU.bins.160
Loop23	SHSU.bins.181
Loop23	SHSU_advanced.final.198
Loop23	SHSU.bins.201
Loop24	UTK.bins.113
Loop24	SHSU.bins.154
Loop24	UTK.bins.192
Loop24	UTK.bins.114
Loop24	UTK.bins.186
Loop24	UTK_active.final.26
Loop24	SHSU.bins.277
Loop24	CMU.bins.102
Loop24	SHSU.bins.443
Loop24	CMU.bins.196
Loop24	SHSU.bins.89
Loop24	SHSU.bins.402
Loop24	SHSU.bins.131
Loop24	SHSU.bins.561
Loop24	SHSU.bins.192
Loop24	CMU.bins.121
Loop24	CMU.bins.224
Loop24	SHSU.bins.22
Loop24	CMU.bins.67
Loop24	SHSU.bins.84
Loop25	SHSU.bins.149
Loop25	SHSU_active.final.55
Loop25	UTK.bins.162
Loop25	CMU.bins.43
Loop25	SHSU.bins.240
Loop25	SHSU.bins.50
Loop25	CMU.bins.106
Loop25	CMU.bins.102
Loop25	SHSU.bins.79
Loop25	SHSU.bins.517
Loop25	CMU.bins.204
Loop25	SHSU.bins.438
Loop25	SHSU.bins.380
Loop25	SHSU.bins.148
Loop25	UTK_active.final.18
Loop25	SHSU.bins.256
Loop25	SHSU.bins.47
Loop25	CMU.bins.252
Loop25	SHSU.bins.68
Loop25	CMU.bins.300
Loop26	UTK.bins.126
Loop26	CMU.bins.70
Loop26	SHSU.bins.222
Loop26	CMU.bins.297
Loop26	SHSU.bins.40
Loop26	SHSU_active.final.52
Loop26	SHSU.bins.483
Loop26	CMU.bins.130
Loop26	SHSU.bins.219
Loop26	SHSU.bins.217
Loop26	CMU.bins.307
Loop26	CMU.bins.155
Loop26	SHSU.bins.492
Loop26	SHSU.bins.56
Loop26	CMU.bins.300
Loop26	SHSU.bins.192
Loop26	CMU.bins.144
Loop26	UTK.bins.53
Loop26	SHSU.bins.162
Loop26	SHSU.bins.412
Loop27	CMU.bins.320
Loop27	SHSU.bins.42
Loop27	CMU.bins.181
Loop27	CMU.bins.99
Loop27	SHSU.bins.5
Loop27	SHSU_advanced.final.240
Loop27	CMU_advanced.final.23
Loop27	SHSU.bins.178
Loop27	SHSU.bins.384
Loop27	SHSU.bins.222
Loop27	SHSU.bins.131
Loop27	UTK.bins.64
Loop27	SHSU.bins.22
Loop27	SHSU.bins.412
Loop27	SHSU.bins.205
Loop27	SHSU_advanced.final.252
Loop27	SHSU.bins.221
Loop27	UTK_advanced.final.34
Loop27	SHSU_advanced.final.153
Loop27	SHSU.bins.492
Loop28	CMU.bins.126
Loop28	CMU.bins.106
Loop28	SHSU.bins.256
Loop28	SHSU.bins.132
Loop28	UTK.bins.176
Loop28	SHSU.bins.412
Loop28	CMU.bins.181
Loop28	UTK.bins.43
Loop28	SHSU_advanced.final.149
Loop28	SHSU.bins.192
Loop28	CMU.bins.202
Loop28	SHSU.bins.40
Loop28	SHSU.bins.420
Loop28	SHSU.bins.426
Loop28	SHSU.bins.221
Loop28	SHSU.bins.123
Loop28	SHSU.bins.88
Loop28	CMU.bins.256
Loop28	SHSU_advanced.final.260
Loop28	SHSU_advanced.final.156
Loop29	SHSU_advanced.final.37
Loop29	CMU.bins.59
Loop29	SHSU.bins.131
Loop29	UTK.bins.19
Loop29	SHSU.bins.15
Loop29	CMU_advanced.final.23
Loop29	SHSU.bins.186
Loop29	SHSU.bins.56
Loop29	SHSU.bins.105
Loop29	SHSU_advanced.final.42
Loop29	SHSU_advanced.final.206
Loop29	SHSU_advanced.final.149
Loop29	SHSU_active.final.52
Loop29	SHSU.bins.276
Loop29	CMU.bins.121
Loop29	UTK.bins.77
Loop29	CMU.bins.160
Loop29	SHSU.bins.84
Loop29	SHSU_active.final.35
Loop29	SHSU_advanced.final.240
Loop30	UTK_active.final.44
Loop30	CMU.bins.70
Loop30	SHSU.bins.426
Loop30	SHSU.bins.238
Loop30	SHSU_advanced.final.161
Loop30	CMU_active.final.40
Loop30	SHSU_advanced.final.206
Loop30	SHSU.bins.499
Loop30	SHSU.bins.71
Loop30	SHSU.bins.173
Loop30	CMU.bins.119
Loop30	SHSU.bins.534
Loop30	SHSU.bins.561
Loop30	SHSU.bins.399
Loop30	SHSU.bins.382
Loop30	SHSU.bins.88
Loop30	CMU.bins.293
Loop30	SHSU.bins.202
Loop30	UTK.bins.171
Loop30	CMU.bins.102
Loop31	UTK.bins.33
Loop31	CMU.bins.293
Loop31	SHSU_advanced.final.170
Loop31	CMU.bins.62
Loop31	SHSU.bins.361
Loop31	CMU.bins.160
Loop31	SHSU.bins.131
Loop31	SHSU.bins.101
Loop31	SHSU_active.final.81
Loop31	SHSU.bins.79
Loop31	CMU_early.final.2
Loop31	CMU.bins.130
Loop31	CMU.bins.256
Loop31	SHSU.bins.354
Loop31	SHSU.bins.466
Loop31	SHSU.bins.264
Loop31	SHSU.bins.512
Loop31	UTK.bins.42
Loop31	SHSU.bins.260
Loop31	SHSU.bins.256
Loop32	SHSU.bins.68
Loop32	SHSU.bins.84
Loop32	SHSU_advanced.final.49
Loop32	SHSU.bins.238
Loop32	SHSU.bins.292
Loop32	UTK.bins.84
Loop32	SHSU_active.final.52
Loop32	CMU.bins.126
Loop32	CMU.bins.160
Loop32	SHSU.bins.330
Loop32	CMU.bins.9
Loop32	SHSU.bins.15
Loop32	SHSU.bins.22
Loop32	CMU.bins.124
Loop32	CMU.bins.8
Loop32	UTK.bins.186
Loop32	UTK.bins.162
Loop32	CMU_early.final.2
Loop32	SHSU.bins.123
Loop32	SHSU.bins.219
Loop33	SHSU.bins.205
Loop33	SHSU.bins.105
Loop33	SHSU_active.final.55
Loop33	SHSU_advanced.final.124
Loop33	SHSU_advanced.final.47
Loop33	SHSU.bins.358
Loop33	SHSU.bins.89
Loop33	SHSU.bins.336
Loop33	SHSU.bins.259
Loop33	CMU.bins.107
Loop33	SHSU.bins.190
Loop33	CMU.bins.300
Loop33	UTK.bins.200
Loop33	SHSU.bins.148
Loop33	UTK.bins.19
Loop33	UTK.bins.114
Loop33	SHSU.bins.294
Loop33	SHSU.bins.49
Loop33	SHSU.bins.402
Loop33	SHSU.bins.451
Loop34	SHSU.bins.264
Loop34	SHSU.bins.267
Loop34	CMU.bins.248
Loop34	SHSU.bins.39
Loop34	SHSU.bins.276
Loop34	SHSU.bins.15
Loop34	CMU.bins.320
Loop34	CMU.bins.121
Loop34	SHSU.bins.294
Loop34	CMU.bins.124
Loop34	CMU.bins.264
Loop34	CMU.bins.23
Loop34	SHSU.bins.330
Loop34	UTK_advanced.final.10
Loop34	CMU.bins.340
Loop34	UTK.bins.27
Loop34	UTK_active.final.18
Loop34	SHSU.bins.256
Loop34	UTK_active.final.44
Loop34	CMU.bins.252
Loop35	SHSU_active.final.50
Loop35	CMU.bins.340
Loop35	SHSU.bins.42
Loop35	SHSU.bins.150
Loop35	SHSU.bins.499
Loop35	SHSU.bins.148
Loop35	SHSU.bins.353
Loop35	CMU.bins.160
Loop35	SHSU.bins.202
Loop35	SHSU.bins.267
Loop35	SHSU_active.final.134
Loop35	CMU.bins.144
Loop35	SHSU.bins.294
Loop35	SHSU.bins.178
Loop35	SHSU.bins.260
Loop35	SHSU.bins.131
Loop35	SHSU.bins.89
Loop35	CMU_early.final.61
Loop35	SHSU.bins.517
Loop35	SHSU.bins.88
Loop36	SHSU.bins.164
Loop36	CMU.bins.67
Loop36	SHSU.bins.276
Loop36	SHSU.bins.191
Loop36	SHSU.bins.277
Loop36	SHSU_active.final.55
Loop36	UTK.bins.176
Loop36	UTK.bins.50
Loop36	SHSU_advanced.final.47
Loop36	CMU.bins.70
Loop36	UTK.bins.71
Loop36	SHSU.bins.382
Loop36	SHSU.bins.565
Loop36	SHSU.bins.42
Loop36	CMU.bins.249
Loop36	SHSU.bins.403
Loop36	CMU.bins.155
Loop36	CMU.bins.196
Loop36	UTK_active.final.26
Loop36	SHSU.bins.256
Loop37	SHSU_advanced.final.153
Loop37	SHSU.bins.59
Loop37	SHSU.bins.459
Loop37	SHSU.bins.149
Loop37	SHSU.bins.234
Loop37	CMU.bins.320
Loop37	UTK.bins.143
Loop37	SHSU.bins.175
Loop37	UTK.bins.15
Loop37	UTK.bins.171
Loop37	SHSU.bins.132
Loop37	SHSU_advanced.final.181
Loop37	SHSU.bins.238
Loop37	CMU_advanced.final.11
Loop37	SHSU.bins.319
Loop37	SHSU.bins.36
Loop37	SHSU.bins.565
Loop37	CMU.bins.307
Loop37	SHSU.bins.289
Loop37	SHSU_active.final.81
Loop38	SHSU_advanced.final.206
Loop38	CMU.bins.202
Loop38	SHSU.bins.459
Loop38	SHSU_active.final.50
Loop38	SHSU.bins.455
Loop38	SHSU.bins.276
Loop38	SHSU.bins.219
Loop38	CMU.bins.184
Loop38	CMU.bins.224
Loop38	SHSU.bins.399
Loop38	SHSU_active.final.81
Loop38	CMU.bins.5
Loop38	SHSU.bins.175
Loop38	CMU.bins.297
Loop38	CMU.bins.261
Loop38	SHSU.bins.238
Loop38	UTK.bins.53
Loop38	UTK.bins.17
Loop38	SHSU.bins.393
Loop38	SHSU.bins.259
Loop39	UTK_advanced.final.10
Loop39	SHSU.bins.50
Loop39	SHSU.bins.154
Loop39	SHSU.bins.513
Loop39	SHSU.bins.175
Loop39	SHSU.bins.5
Loop39	CMU.bins.121
Loop39	SHSU.bins.111
Loop39	CMU.bins.126
Loop39	UTK.bins.126
Loop39	SHSU.bins.59
Loop39	UTK.bins.61
Loop39	SHSU.bins.256
Loop39	SHSU_advanced.final.260
Loop39	CMU.bins.252
Loop39	CMU.bins.124
Loop39	SHSU.bins.56
Loop39	SHSU.bins.351
Loop39	SHSU.bins.358
Loop39	UTK.bins.51
Loop40	SHSU.bins.83
Loop40	SHSU.bins.330
Loop40	CMU.bins.235
Loop40	UTK.bins.15
Loop40	SHSU.bins.263
Loop40	UTK_active.final.8
Loop40	SHSU.bins.202
Loop40	CMU.bins.43
Loop40	UTK.bins.53
Loop40	SHSU.bins.191
Loop40	SHSU.bins.52
Loop40	CMU.bins.106
Loop40	CMU.bins.340
Loop40	SHSU_advanced.final.37
Loop40	CMU.bins.199
Loop40	SHSU.bins.556
Loop40	SHSU_advanced.final.183
Loop40	SHSU_advanced.final.161
Loop40	SHSU.bins.88
Loop40	UTK.bins.52
Loop41	UTK_advanced.final.34
Loop41	CMU.bins.5
Loop41	UTK.bins.184
Loop41	SHSU.bins.451
Loop41	SHSU.bins.402
Loop41	SHSU_active.final.139
Loop41	SHSU.bins.492
Loop41	UTK.bins.53
Loop41	SHSU.bins.83
Loop41	UTK.bins.126
Loop41	SHSU.bins.220
Loop41	SHSU.bins.191
Loop41	SHSU_advanced.final.37
Loop41	SHSU.bins.18
Loop41	SHSU.bins.71
Loop41	SHSU.bins.157
Loop41	UTK.bins.33
Loop41	UTK.bins.17
Loop41	SHSU.bins.234
Loop41	SHSU.bins.256
Loop42	SHSU.bins.195
Loop42	SHSU.bins.163
Loop42	UTK_active.final.26
Loop42	SHSU.bins.264
Loop42	CMU.bins.130
Loop42	SHSU.bins.384
Loop42	UTK.bins.107
Loop42	CMU.bins.199
Loop42	SHSU.bins.164
Loop42	CMU.bins.102
Loop42	SHSU.bins.237
Loop42	UTK_advanced.final.10
Loop42	UTK.bins.51
Loop42	UTK.bins.19
Loop42	CMU.bins.235
Loop42	CMU.bins.352
Loop42	CMU.bins.204
Loop42	SHSU_advanced.final.252
Loop42	SHSU.bins.149
Loop42	SHSU.bins.202
Loop43	SHSU.bins.202
Loop43	SHSU_advanced.final.198
Loop43	SHSU.bins.219
Loop43	UTK.bins.200
Loop43	SHSU.bins.89
Loop43	SHSU.bins.267
Loop43	SHSU.bins.289
Loop43	SHSU.bins.170
Loop43	CMU.bins.235
Loop43	SHSU_advanced.final.149
Loop43	SHSU_advanced.final.206
Loop43	SHSU.bins.71
Loop43	SHSU.bins.173
Loop43	SHSU.bins.517
Loop43	SHSU.bins.222
Loop43	SHSU.bins.562
Loop43	SHSU.bins.384
Loop43	SHSU.bins.15
Loop43	SHSU.bins.154
Loop43	CMU.bins.247
Loop44	SHSU.bins.83
Loop44	UTK.bins.176
Loop44	SHSU.bins.237
Loop44	SHSU.bins.276
Loop44	SHSU_advanced.final.170
Loop44	SHSU.bins.181
Loop44	CMU.bins.340
Loop44	SHSU.bins.354
Loop44	SHSU.bins.190
Loop44	CMU.bins.352
Loop44	SHSU.bins.178
Loop44	SHSU.bins.123
Loop44	SHSU.bins.49
Loop44	SHSU.bins.286
Loop44	CMU.bins.8
Loop44	CMU.bins.121
Loop44	CMU.bins.320
Loop44	SHSU_active.final.139
Loop44	CMU.bins.261
Loop44	SHSU.bins.426
Loop45	SHSU.bins.565
Loop45	SHSU.bins.170
Loop45	UTK.bins.17
Loop45	UTK.bins.184
Loop45	CMU.bins.247
Loop45	UTK_active.final.26
Loop45	SHSU.bins.111
Loop45	SHSU.bins.246
Loop45	SHSU.bins.150
Loop45	SHSU.bins.276
Loop45	CMU.bins.67
Loop45	CMU.bins.99
Loop45	SHSU_active.final.52
Loop45	SHSU_advanced.final.42
Loop45	CMU.bins.187
Loop45	SHSU.bins.286
Loop45	CMU.bins.204
Loop45	SHSU_active.final.50
Loop45	SHSU.bins.256
Loop45	CMU_advanced.final.23
Loop46	SHSU.bins.531
Loop46	SHSU.bins.402
Loop46	SHSU_advanced.final.47
Loop46	UTK.bins.143
Loop46	UTK_active.final.26
Loop46	CMU_early.final.61
Loop46	CMU_advanced.final.23
Loop46	UTK.bins.53
Loop46	SHSU.bins.190
Loop46	CMU.bins.43
Loop46	SHSU.bins.89
Loop46	UTK_advanced.final.34
Loop46	CMU.bins.59
Loop46	UTK.bins.186
Loop46	SHSU_active.final.35
Loop46	SHSU.bins.329
Loop46	SHSU_advanced.final.170
Loop46	SHSU.bins.382
Loop46	CMU.bins.248
Loop46	SHSU.bins.451
Loop47	SHSU.bins.217
Loop47	CMU.bins.102
Loop47	UTK.bins.52
Loop47	SHSU.bins.132
Loop47	SHSU.bins.42
Loop47	SHSU.bins.36
Loop47	UTK.bins.51
Loop47	SHSU.bins.455
Loop47	UTK.bins.17
Loop47	CMU.bins.264
Loop47	SHSU.bins.170
Loop47	SHSU.bins.178
Loop47	SHSU.bins.483
Loop47	SHSU.bins.260
Loop47	CMU_advanced.final.23
Loop47	SHSU.bins.450
Loop47	SHSU.bins.256
Loop47	SHSU_active.final.55
Loop47	CMU_active.final.40
Loop47	SHSU.bins.319
Loop48	SHSU.bins.101
Loop48	UTK.bins.77
Loop48	CMU_advanced.final.13
Loop48	SHSU.bins.222
Loop48	CMU.bins.202
Loop48	SHSU_active.final.35
Loop48	CMU.bins.320
Loop48	SHSU.bins.264
Loop48	CMU_advanced.final.23
Loop48	SHSU.bins.380
Loop48	SHSU.bins.238
Loop48	SHSU_advanced.final.181
Loop48	SHSU.bins.204
Loop48	SHSU_early.final.2
Loop48	SHSU.bins.237
Loop48	SHSU.bins.162
Loop48	CMU.bins.124
Loop48	UTK.bins.33
Loop48	UTK_active.final.18
Loop48	CMU.bins.216
Loop49	SHSU.bins.175
Loop49	SHSU.bins.358
Loop49	CMU.bins.252
Loop49	UTK.bins.126
Loop49	CMU.bins.121
Loop49	CMU_early.final.5
Loop49	SHSU_advanced.final.35
Loop49	CMU.bins.248
Loop49	CMU.bins.307
Loop49	CMU.bins.340
Loop49	SHSU.bins.201
Loop49	SHSU.bins.118
Loop49	SHSU.bins.513
Loop49	SHSU.bins.354
Loop49	CMU.bins.160
Loop49	CMU.bins.196
Loop49	SHSU.bins.319
Loop49	SHSU.bins.15
Loop49	CMU_early.final.61
Loop49	CMU.bins.59
Loop50	CMU.bins.340
Loop50	SHSU.bins.27
Loop50	UTK.bins.84
Loop50	SHSU_advanced.final.42
Loop50	SHSU.bins.544
Loop50	SHSU.bins.531
Loop50	SHSU.bins.412
Loop50	CMU.bins.70
Loop50	CMU.bins.224
Loop50	SHSU.bins.217
Loop50	UTK.bins.17
Loop50	SHSU.bins.361
Loop50	UTK.bins.134
Loop50	CMU.bins.247
Loop50	SHSU.bins.263
Loop50	SHSU_advanced.final.183
Loop50	CMU.bins.261
Loop50	UTK.bins.183
Loop50	CMU.bins.130
Loop50	SHSU.bins.148
Loop51	SHSU.bins.426
Loop51	CMU.bins.235
Loop51	SHSU.bins.332
Loop51	UTK.bins.64
Loop51	CMU.bins.293
Loop51	SHSU.bins.420
Loop51	CMU.bins.130
Loop51	SHSU.bins.150
Loop51	SHSU.bins.450
Loop51	SHSU.bins.71
Loop51	UTK.bins.23
Loop51	CMU.bins.247
Loop51	SHSU.bins.83
Loop51	UTK.bins.107
Loop51	CMU.bins.59
Loop51	SHSU.bins.289
Loop51	SHSU.bins.286
Loop51	SHSU.bins.178
Loop51	CMU.bins.124
Loop51	SHSU.bins.15
Loop52	SHSU.bins.132
Loop52	SHSU.bins.83
Loop52	SHSU.bins.40
Loop52	SHSU_advanced.final.129
Loop52	UTK.bins.183
Loop52	SHSU.bins.5
Loop52	SHSU.bins.238
Loop52	CMU.bins.196
Loop52	CMU.bins.247
Loop52	CMU.bins.235
Loop52	SHSU.bins.412
Loop52	UTK.bins.71
Loop52	CMU.bins.146
Loop52	SHSU_advanced.final.47
Loop52	SHSU.bins.393
Loop52	SHSU.bins.123
Loop52	SHSU.bins.492
Loop52	SHSU_active.final.52
Loop52	SHSU.bins.556
Loop52	SHSU.bins.175
Loop53	UTK.bins.183
Loop53	CMU.bins.256
Loop53	SHSU_advanced.final.260
Loop53	SHSU_active.final.50
Loop53	SHSU.bins.450
Loop53	UTK.bins.55
Loop53	SHSU.bins.83
Loop53	SHSU_early.final.2
Loop53	CMU.bins.199
Loop53	SHSU.bins.330
Loop53	UTK.bins.51
Loop53	SHSU_advanced.final.161
Loop53	SHSU.bins.201
Loop53	SHSU.bins.477
Loop53	SHSU.bins.561
Loop53	SHSU_advanced.final.124
Loop53	SHSU.bins.399
Loop53	SHSU.bins.52
Loop53	CMU.bins.121
Loop53	UTK.bins.141
Loop54	SHSU.bins.162
Loop54	CMU.bins.130
Loop54	CMU.bins.59
Loop54	CMU.bins.8
Loop54	CMU.bins.9
Loop54	SHSU.bins.88
Loop54	UTK.bins.27
Loop54	UTK_advanced.final.10
Loop54	SHSU.bins.101
Loop54	SHSU.bins.544
Loop54	CMU.bins.196
Loop54	SHSU.bins.202
Loop54	SHSU.bins.118
Loop54	UTK.bins.52
Loop54	SHSU.bins.483
Loop54	CMU.bins.293
Loop54	SHSU_advanced.final.136
Loop54	UTK_advanced.final.34
Loop54	SHSU.bins.178
Loop54	CMU.bins.247
Loop55	SHSU.bins.178
Loop55	CMU.bins.146
Loop55	UTK.bins.61
Loop55	SHSU_advanced.final.124
Loop55	SHSU_advanced.final.181
Loop55	SHSU.bins.164
Loop55	SHSU.bins.402
Loop55	SHSU_active.final.55
Loop55	UTK.bins.42
Loop55	SHSU.bins.48
Loop55	UTK.bins.51
Loop55	SHSU.bins.330
Loop55	UTK.bins.126
Loop55	UTK.bins.43
Loop55	SHSU.bins.384
Loop55	CMU.bins.247
Loop55	SHSU.bins.15
Loop55	SHSU.bins.451
Loop55	SHSU.bins.483
Loop55	SHSU.bins.335
Loop56	SHSU.bins.84
Loop56	SHSU.bins.264
Loop56	CMU.bins.160
Loop56	SHSU_advanced.final.198
Loop56	SHSU.bins.181
Loop56	SHSU.bins.477
Loop56	UTK.bins.19
Loop56	SHSU.bins.530
Loop56	SHSU_advanced.final.206
Loop56	SHSU_active.final.134
Loop56	UTK.bins.84
Loop56	CMU_active.final.40
Loop56	CMU.bins.70
Loop56	SHSU.bins.292
Loop56	CMU.bins.252
Loop56	SHSU.bins.222
Loop56	SHSU.bins.534
Loop56	CMU.bins.352
Loop56	SHSU.bins.412
Loop56	CMU.bins.196
Loop57	CMU.bins.340
Loop57	UTK.bins.113
Loop57	SHSU.bins.319
Loop57	UTK.bins.171
Loop57	SHSU.bins.565
Loop57	SHSU.bins.191
Loop57	SHSU.bins.205
Loop57	UTK.bins.77
Loop57	CMU.bins.126
Loop57	UTK.bins.43
Loop57	SHSU.bins.5
Loop57	SHSU.bins.544
Loop57	SHSU.bins.132
Loop57	SHSU_active.final.30
Loop57	CMU.bins.5
Loop57	CMU.bins.59
Loop57	SHSU_advanced.final.69
Loop57	SHSU.bins.39
Loop57	SHSU.bins.335
Loop57	CMU.bins.264
Loop58	SHSU.bins.123
Loop58	SHSU_advanced.final.227
Loop58	SHSU.bins.544
Loop58	CMU.bins.67
Loop58	SHSU.bins.259
Loop58	CMU.bins.297
Loop58	SHSU_advanced.final.47
Loop58	SHSU.bins.358
Loop58	SHSU.bins.294
Loop58	SHSU.bins.13
Loop58	UTK.bins.141
Loop58	SHSU_advanced.final.198
Loop58	CMU.bins.99
Loop58	UTK.bins.184
Loop58	SHSU.bins.42
Loop58	SHSU.bins.88
Loop58	SHSU.bins.380
Loop58	CMU.bins.160
Loop58	SHSU.bins.384
Loop58	SHSU.bins.5
Loop59	SHSU.bins.219
Loop59	CMU.bins.31
Loop59	UTK.bins.162
Loop59	SHSU.bins.163
Loop59	SHSU.bins.492
Loop59	SHSU.bins.123
Loop59	SHSU.bins.565
Loop59	UTK_active.final.44
Loop59	CMU.bins.264
Loop59	SHSU.bins.561
Loop59	SHSU.bins.289
Loop59	SHSU.bins.238
Loop59	SHSU.bins.221
Loop59	SHSU.bins.170
Loop59	SHSU.bins.111
Loop59	SHSU.bins.5
Loop59	CMU.bins.70
Loop59	SHSU.bins.277
Loop59	CMU.bins.256
Loop59	SHSU_advanced.final.156
Loop60	UTK.bins.171
Loop60	SHSU_advanced.final.252
Loop60	SHSU.bins.72
Loop60	UTK.bins.183
Loop60	SHSU_advanced.final.260
Loop60	CMU.bins.235
Loop60	SHSU_advanced.final.181
Loop60	SHSU.bins.276
Loop60	SHSU.bins.217
Loop60	UTK.bins.23
Loop60	SHSU_advanced.final.161
Loop60	SHSU_advanced.final.47
Loop60	CMU.bins.67
Loop60	CMU.bins.249
Loop60	CMU.bins.102
Loop60	UTK.bins.162
Loop60	SHSU_active.final.35
Loop60	SHSU.bins.459
Loop60	SHSU.bins.329
Loop60	SHSU.bins.42
Loop61	SHSU.bins.365
Loop61	CMU.bins.102
Loop61	UTK.bins.55
Loop61	SHSU_advanced.final.124
Loop61	SHSU.bins.150
Loop61	SHSU.bins.173
Loop61	UTK.bins.92
Loop61	SHSU.bins.277
Loop61	SHSU_active.final.30
Loop61	SHSU.bins.202
Loop61	CMU_advanced.final.11
Loop61	SHSU_advanced.final.198
Loop61	SHSU.bins.534
Loop61	UTK_active.final.26
Loop61	SHSU_advanced.final.153
Loop61	SHSU.bins.219
Loop61	SHSU.bins.47
Loop61	SHSU.bins.466
Loop61	SHSU.bins.544
Loop61	UTK.bins.127
Loop62	SHSU.bins.259
Loop62	SHSU.bins.220
Loop62	SHSU.bins.365
Loop62	UTK_active.final.8
Loop62	SHSU.bins.399
Loop62	SHSU.bins.264
Loop62	SHSU.bins.256
Loop62	SHSU.bins.238
Loop62	SHSU.bins.50
Loop62	SHSU.bins.49
Loop62	SHSU.bins.170
Loop62	CMU.bins.160
Loop62	UTK_active.final.26
Loop62	SHSU.bins.240
Loop62	SHSU.bins.132
Loop62	SHSU_advanced.final.149
Loop62	CMU_early.final.5
Loop62	SHSU.bins.167
Loop62	SHSU.bins.459
Loop62	CMU.bins.106
Loop63	SHSU.bins.453
Loop63	UTK.bins.19
Loop63	UTK.bins.184
Loop63	UTK.bins.71
Loop63	SHSU.bins.50
Loop63	SHSU.bins.39
Loop63	SHSU_advanced.final.156
Loop63	CMU.bins.352
Loop63	UTK_advanced.final.10
Loop63	SHSU_early.final.2
Loop63	CMU.bins.224
Loop63	SHSU.bins.186
Loop63	UTK.bins.127
Loop63	SHSU_advanced.final.35
Loop63	SHSU.bins.154
Loop63	UTK.bins.43
Loop63	SHSU.bins.27
Loop63	CMU.bins.202
Loop63	SHSU.bins.466
Loop63	CMU.bins.8
Loop64	CMU.bins.119
Loop64	SHSU.bins.39
Loop64	CMU.bins.204
Loop64	SHSU.bins.264
Loop64	SHSU.bins.354
Loop64	CMU.bins.264
Loop64	SHSU.bins.483
Loop64	SHSU_advanced.final.69
Loop64	UTK.bins.33
Loop64	CMU.bins.256
Loop64	SHSU_active.final.139
Loop64	SHSU.bins.40
Loop64	SHSU.bins.149
Loop64	UTK.bins.134
Loop64	SHSU.bins.329
Loop64	SHSU.bins.453
Loop64	SHSU.bins.36
Loop64	SHSU_advanced.final.124
Loop64	CMU_early.final.5
Loop64	SHSU.bins.219
Loop65	CMU.bins.5
Loop65	CMU_active.final.40
Loop65	CMU.bins.216
Loop65	CMU.bins.130
Loop65	CMU.bins.204
Loop65	SHSU.bins.544
Loop65	SHSU_advanced.final.136
Loop65	SHSU.bins.68
Loop65	CMU_early.final.5
Loop65	SHSU.bins.202
Loop65	CMU.bins.171
Loop65	CMU.bins.297
Loop65	SHSU_advanced.final.149
Loop65	SHSU.bins.455
Loop65	SHSU.bins.64
Loop65	UTK.bins.17
Loop65	SHSU.bins.175
Loop65	SHSU.bins.402
Loop65	SHSU.bins.393
Loop65	SHSU.bins.131
Loop66	SHSU.bins.534
Loop66	SHSU.bins.365
Loop66	SHSU.bins.181
Loop66	SHSU.bins.49
Loop66	UTK.bins.27
Loop66	SHSU.bins.330
Loop66	UTK.bins.127
Loop66	CMU.bins.202
Loop66	SHSU.bins.561
Loop66	SHSU.bins.175
Loop66	SHSU.bins.403
Loop66	UTK_active.final.8
Loop66	SHSU.bins.399
Loop66	SHSU.bins.173
Loop66	SHSU.bins.56
Loop66	CMU_advanced.final.11
Loop66	SHSU.bins.132
Loop66	SHSU.bins.64
Loop66	CMU.bins.9
Loop66	SHSU_advanced.final.149
Loop67	SHSU_advanced.final.49
Loop67	CMU.bins.43
Loop67	CMU.bins.144
Loop67	SHSU.bins.443
Loop67	CMU.bins.130
Loop67	UTK.bins.84
Loop67	SHSU.bins.27
Loop67	SHSU.bins.292
Loop67	SHSU.bins.190
Loop67	SHSU.bins.286
Loop67	SHSU_advanced.final.35
Loop67	SHSU.bins.561
Loop67	UTK.bins.192
Loop67	SHSU.bins.235
Loop67	SHSU.bins.492
Loop67	SHSU_active.final.139
Loop67	SHSU.bins.402
Loop67	SHSU.bins.222
Loop67	SHSU.bins.240
Loop67	CMU.bins.171
Loop68	SHSU.bins.499
Loop68	UTK.bins.33
Loop68	UTK.bins.19
Loop68	SHSU.bins.335
Loop68	UTK_active.final.44
Loop68	CMU_advanced.final.13
Loop68	SHSU.bins.260
Loop68	CMU.bins.102
Loop68	SHSU.bins.88
Loop68	SHSU.bins.27
Loop68	SHSU_advanced.final.69
Loop68	SHSU.bins.52
Loop68	CMU_early.final.5
Loop68	SHSU_advanced.final.227
Loop68	UTK_advanced.final.34
Loop68	SHSU.bins.47
Loop68	SHSU.bins.157
Loop68	UTK.bins.127
Loop68	UTK.bins.15
Loop68	SHSU_advanced.final.156
Loop69	SHSU.bins.89
Loop69	SHSU.bins.5
Loop69	SHSU.bins.438
Loop69	SHSU.bins.332
Loop69	CMU.bins.102
Loop69	SHSU.bins.48
Loop69	UTK.bins.134
Loop69	SHSU.bins.170
Loop69	SHSU_active.final.50
Loop69	UTK.bins.183
Loop69	SHSU.bins.260
Loop69	SHSU.bins.351
Loop69	SHSU.bins.336
Loop69	SHSU.bins.47
Loop69	UTK.bins.143
Loop69	SHSU_advanced.final.198
Loop69	SHSU_advanced.final.161
Loop69	CMU.bins.9
Loop69	SHSU.bins.286
Loop69	SHSU.bins.118
Loop70	SHSU.bins.264
Loop70	CMU_early.final.2
Loop70	SHSU.bins.240
Loop70	SHSU.bins.123
Loop70	SHSU.bins.402
Loop70	SHSU.bins.219
Loop70	SHSU.bins.50
Loop70	SHSU.bins.513
Loop70	SHSU.bins.162
Loop70	CMU.bins.130
Loop70	SHSU.bins.565
Loop70	SHSU.bins.131
Loop70	SHSU.bins.246
Loop70	SHSU.bins.22
Loop70	CMU.bins.187
Loop70	CMU.bins.9
Loop70	UTK.bins.52
Loop70	CMU.bins.199
Loop70	SHSU.bins.173
Loop70	CMU_active.final.59
Loop71	SHSU.bins.89
Loop71	SHSU.bins.68
Loop71	SHSU.bins.27
Loop71	SHSU_advanced.final.240
Loop71	UTK.bins.186
Loop71	SHSU_advanced.final.183
Loop71	SHSU.bins.335
Loop71	SHSU.bins.286
Loop71	CMU.bins.247
Loop71	SHSU_advanced.final.206
Loop71	UTK.bins.43
Loop71	UTK.bins.23
Loop71	CMU_advanced.final.11
Loop71	UTK.bins.127
Loop71	SHSU.bins.443
Loop71	UTK.bins.33
Loop71	UTK.bins.77
Loop71	SHSU.bins.186
Loop71	UTK.bins.171
Loop71	SHSU.bins.36
Loop72	SHSU.bins.438
Loop72	UTK.bins.141
Loop72	SHSU.bins.162
Loop72	SHSU.bins.170
Loop72	SHSU.bins.336
Loop72	SHSU_advanced.final.260
Loop72	SHSU.bins.49
Loop72	SHSU.bins.195
Loop72	SHSU.bins.40
Loop72	SHSU.bins.286
Loop72	SHSU.bins.443
Loop72	SHSU.bins.246
Loop72	UTK.bins.33
Loop72	UTK.bins.55
Loop72	SHSU.bins.148
Loop72	CMU.bins.121
Loop72	SHSU.bins.234
Loop72	SHSU.bins.48
Loop72	SHSU.bins.157
Loop72	SHSU.bins.64
Loop73	SHSU_advanced.final.227
Loop73	SHSU.bins.157
Loop73	SHSU.bins.40
Loop73	SHSU.bins.162
Loop73	CMU.bins.293
Loop73	CMU.bins.155
Loop73	UTK.bins.15
Loop73	SHSU.bins.459
Loop73	SHSU.bins.111
Loop73	SHSU_advanced.final.170
Loop73	SHSU.bins.453
Loop73	SHSU.bins.167
Loop73	SHSU_advanced.final.260
Loop73	SHSU.bins.204
Loop73	CMU.bins.181
Loop73	CMU_advanced.final.13
Loop73	SHSU.bins.5
Loop73	SHSU.bins.544
Loop73	CMU.bins.328
Loop73	SHSU.bins.384
Loop74	SHSU.bins.39
Loop74	SHSU.bins.330
Loop74	CMU_early.final.61
Loop74	UTK.bins.186
Loop74	CMU.bins.216
Loop74	CMU.bins.31
Loop74	SHSU_advanced.final.47
Loop74	SHSU.bins.190
Loop74	UTK.bins.15
Loop74	UTK_advanced.final.34
Loop74	UTK.bins.134
Loop74	CMU.bins.43
Loop74	SHSU.bins.101
Loop74	SHSU.bins.49
Loop74	CMU.bins.187
Loop74	SHSU.bins.178
Loop74	CMU.bins.224
Loop74	SHSU.bins.549
Loop74	SHSU.bins.84
Loop74	UTK_active.final.18
Loop75	CMU.bins.106
Loop75	SHSU.bins.47
Loop75	SHSU.bins.173
Loop75	CMU.bins.59
Loop75	SHSU.bins.163
Loop75	CMU.bins.102
Loop75	SHSU.bins.205
Loop75	CMU.bins.99
Loop75	SHSU.bins.531
Loop75	CMU_advanced.final.23
Loop75	SHSU.bins.561
Loop75	SHSU.bins.235
Loop75	SHSU.bins.477
Loop75	CMU.bins.202
Loop75	CMU.bins.184
Loop75	SHSU_advanced.final.136
Loop75	SHSU.bins.483
Loop75	UTK.bins.192
Loop75	UTK.bins.15
Loop75	UTK.bins.113
Loop76	SHSU.bins.162
Loop76	SHSU.bins.88
Loop76	SHSU.bins.426
Loop76	SHSU.bins.393
Loop76	CMU.bins.130
Loop76	CMU.bins.235
Loop76	SHSU.bins.353
Loop76	SHSU.bins.382
Loop76	SHSU.bins.191
Loop76	CMU.bins.187
Loop76	UTK.bins.53
Loop76	UTK.bins.192
Loop76	SHSU.bins.64
Loop76	SHSU.bins.39
Loop76	CMU.bins.300
Loop76	SHSU.bins.412
Loop76	SHSU.bins.5
Loop76	UTK.bins.71
Loop76	SHSU.bins.420
Loop76	CMU.bins.119
Loop77	CMU.bins.320
Loop77	SHSU.bins.319
Loop77	SHSU_advanced.final.156
Loop77	UTK.bins.15
Loop77	SHSU_active.final.52
Loop77	CMU.bins.146
Loop77	SHSU.bins.89
Loop77	UTK.bins.192
Loop77	UTK_active.final.44
Loop77	CMU.bins.249
Loop77	CMU.bins.107
Loop77	SHSU.bins.289
Loop77	CMU.bins.264
Loop77	SHSU.bins.186
Loop77	SHSU_advanced.final.240
Loop77	SHSU.bins.384
Loop77	UTK_active.final.26
Loop77	SHSU.bins.351
Loop77	SHSU.bins.438
Loop77	SHSU.bins.150
Loop78	SHSU.bins.443
Loop78	SHSU.bins.544
Loop78	SHSU.bins.59
Loop78	UTK.bins.186
Loop78	CMU.bins.340
Loop78	SHSU.bins.319
Loop78	SHSU.bins.402
Loop78	CMU_active.final.59
Loop78	SHSU.bins.15
Loop78	CMU.bins.59
Loop78	SHSU.bins.246
Loop78	SHSU.bins.5
Loop78	CMU.bins.155
Loop78	SHSU.bins.50
Loop78	SHSU.bins.263
Loop78	CMU.bins.99
Loop78	SHSU.bins.162
Loop78	SHSU.bins.47
Loop78	SHSU.bins.561
Loop78	SHSU_advanced.final.240
Loop79	CMU.bins.199
Loop79	UTK.bins.58
Loop79	SHSU.bins.451
Loop79	SHSU.bins.186
Loop79	SHSU.bins.556
Loop79	SHSU.bins.47
Loop79	SHSU_active.final.30
Loop79	SHSU_advanced.final.161
Loop79	SHSU.bins.455
Loop79	CMU.bins.31
Loop79	CMU_active.final.59
Loop79	CMU.bins.130
Loop79	CMU.bins.23
Loop79	UTK.bins.171
Loop79	SHSU.bins.492
Loop79	UTK.bins.19
Loop79	CMU.bins.171
Loop79	UTK.bins.184
Loop79	SHSU.bins.219
Loop79	SHSU.bins.332
Loop80	SHSU.bins.365
Loop80	SHSU.bins.353
Loop80	SHSU.bins.175
Loop80	SHSU.bins.354
Loop80	SHSU.bins.531
Loop80	CMU.bins.252
Loop80	SHSU_advanced.final.49
Loop80	SHSU.bins.154
Loop80	UTK.bins.23
Loop80	SHSU.bins.276
Loop80	SHSU_advanced.final.260
Loop80	SHSU_active.final.50
Loop80	SHSU.bins.426
Loop80	SHSU_advanced.final.240
Loop80	SHSU.bins.18
Loop80	SHSU_early.final.2
Loop80	SHSU.bins.52
Loop80	CMU.bins.59
Loop80	SHSU.bins.562
Loop80	SHSU.bins.451
Loop81	SHSU.bins.181
Loop81	SHSU.bins.48
Loop81	UTK.bins.134
Loop81	SHSU_advanced.final.42
Loop81	SHSU.bins.15
Loop81	SHSU.bins.384
Loop81	SHSU.bins.201
Loop81	UTK_active.final.26
Loop81	SHSU.bins.451
Loop81	CMU.bins.320
Loop81	SHSU.bins.221
Loop81	SHSU.bins.178
Loop81	SHSU.bins.235
Loop81	SHSU.bins.59
Loop81	SHSU.bins.204
Loop81	UTK.bins.200
Loop81	SHSU.bins.260
Loop81	SHSU.bins.219
Loop81	UTK.bins.19
Loop81	UTK_advanced.final.10
Loop82	UTK.bins.126
Loop82	UTK_active.final.44
Loop82	UTK.bins.183
Loop82	SHSU_advanced.final.206
Loop82	UTK.bins.19
Loop82	SHSU.bins.48
Loop82	SHSU.bins.173
Loop82	UTK.bins.42
Loop82	UTK.bins.141
Loop82	SHSU_early.final.2
Loop82	SHSU_advanced.final.227
Loop82	CMU_active.final.59
Loop82	SHSU.bins.263
Loop82	CMU.bins.184
Loop82	SHSU.bins.49
Loop82	SHSU.bins.499
Loop82	UTK.bins.50
Loop82	SHSU_advanced.final.37
Loop82	SHSU.bins.68
Loop82	SHSU.bins.403
Loop83	SHSU.bins.365
Loop83	SHSU_active.final.52
Loop83	SHSU.bins.149
Loop83	SHSU_advanced.final.198
Loop83	SHSU.bins.384
Loop83	SHSU_advanced.final.49
Loop83	UTK.bins.50
Loop83	SHSU_advanced.final.149
Loop83	SHSU.bins.267
Loop83	CMU.bins.106
Loop83	SHSU.bins.111
Loop83	SHSU_advanced.final.206
Loop83	SHSU.bins.412
Loop83	SHSU.bins.294
Loop83	UTK.bins.114
Loop83	CMU_early.final.61
Loop83	SHSU.bins.131
Loop83	CMU.bins.126
Loop83	UTK.bins.53
Loop83	SHSU.bins.195
Loop84	SHSU.bins.403
Loop84	SHSU.bins.72
Loop84	SHSU_advanced.final.181
Loop84	UTK.bins.200
Loop84	CMU.bins.121
Loop84	CMU.bins.59
Loop84	UTK.bins.43
Loop84	SHSU.bins.164
Loop84	SHSU.bins.195
Loop84	CMU.bins.256
Loop84	CMU.bins.249
Loop84	SHSU.bins.466
Loop84	UTK.bins.184
Loop84	UTK.bins.114
Loop84	SHSU.bins.562
Loop84	SHSU.bins.256
Loop84	CMU.bins.62
Loop84	SHSU.bins.260
Loop84	UTK.bins.64
Loop84	UTK.bins.52
Loop85	UTK.bins.50
Loop85	SHSU.bins.235
Loop85	CMU.bins.196
Loop85	SHSU.bins.499
Loop85	UTK.bins.192
Loop85	CMU.bins.307
Loop85	CMU.bins.202
Loop85	CMU.bins.199
Loop85	SHSU.bins.201
Loop85	SHSU.bins.294
Loop85	SHSU_advanced.final.252
Loop85	UTK.bins.64
Loop85	SHSU.bins.483
Loop85	SHSU_advanced.final.37
Loop85	SHSU_advanced.final.35
Loop85	SHSU.bins.83
Loop85	CMU.bins.261
Loop85	UTK.bins.61
Loop85	SHSU.bins.238
Loop85	UTK.bins.113
Loop86	CMU.bins.256
Loop86	UTK.bins.37
Loop86	UTK.bins.92
Loop86	SHSU.bins.132
Loop86	CMU.bins.300
Loop86	SHSU.bins.219
Loop86	CMU.bins.99
Loop86	SHSU.bins.234
Loop86	SHSU.bins.167
Loop86	CMU.bins.204
Loop86	CMU.bins.264
Loop86	UTK.bins.126
Loop86	SHSU.bins.220
Loop86	UTK.bins.17
Loop86	SHSU.bins.260
Loop86	CMU.bins.320
Loop86	SHSU.bins.549
Loop86	SHSU.bins.157
Loop86	SHSU.bins.50
Loop86	UTK.bins.71
Loop87	UTK.bins.113
Loop87	SHSU.bins.195
Loop87	SHSU_advanced.final.170
Loop87	SHSU.bins.264
Loop87	SHSU.bins.36
Loop87	SHSU.bins.221
Loop87	SHSU_advanced.final.181
Loop87	UTK_active.final.44
Loop87	SHSU_advanced.final.161
Loop87	UTK.bins.43
Loop87	SHSU.bins.402
Loop87	SHSU.bins.13
Loop87	CMU.bins.124
Loop87	SHSU.bins.354
Loop87	SHSU_active.final.35
Loop87	SHSU_active.final.139
Loop87	SHSU.bins.549
Loop87	SHSU.bins.384
Loop87	SHSU.bins.22
Loop87	UTK.bins.52
Loop88	UTK.bins.192
Loop88	SHSU_advanced.final.47
Loop88	SHSU.bins.286
Loop88	CMU.bins.102
Loop88	SHSU.bins.260
Loop88	SHSU_active.final.81
Loop88	SHSU.bins.329
Loop88	SHSU.bins.499
Loop88	UTK.bins.53
Loop88	UTK.bins.84
Loop88	CMU.bins.23
Loop88	CMU.bins.9
Loop88	CMU.bins.119
Loop88	CMU.bins.297
Loop88	CMU.bins.144
Loop88	UTK.bins.92
Loop88	SHSU.bins.170
Loop88	SHSU.bins.101
Loop88	SHSU.bins.361
Loop88	SHSU.bins.544
Loop89	CMU.bins.5
Loop89	CMU.bins.144
Loop89	SHSU.bins.72
Loop89	SHSU.bins.149
Loop89	SHSU.bins.195
Loop89	CMU.bins.155
Loop89	UTK_active.final.26
Loop89	SHSU.bins.202
Loop89	UTK.bins.64
Loop89	UTK.bins.53
Loop89	CMU_early.final.61
Loop89	SHSU.bins.79
Loop89	SHSU.bins.455
Loop89	CMU.bins.106
Loop89	SHSU.bins.105
Loop89	CMU_active.final.59
Loop89	SHSU.bins.234
Loop89	CMU.bins.202
Loop89	CMU_advanced.final.11
Loop89	SHSU.bins.565
Loop90	SHSU.bins.173
Loop90	SHSU.bins.150
Loop90	UTK_active.final.26
Loop90	UTK.bins.176
Loop90	SHSU.bins.68
Loop90	SHSU.bins.562
Loop90	CMU.bins.43
Loop90	CMU.bins.102
Loop90	CMU.bins.196
Loop90	UTK.bins.15
Loop90	CMU.bins.70
Loop90	SHSU.bins.549
Loop90	UTK.bins.113
Loop90	SHSU.bins.451
Loop90	SHSU.bins.205
Loop90	SHSU.bins.453
Loop90	SHSU.bins.393
Loop90	SHSU.bins.403
Loop90	CMU.bins.199
Loop90	SHSU.bins.483
Loop91	CMU_active.final.59
Loop91	SHSU_advanced.final.47
Loop91	SHSU.bins.195
Loop91	UTK.bins.58
Loop91	SHSU.bins.361
Loop91	SHSU.bins.256
Loop91	CMU.bins.70
Loop91	SHSU_advanced.final.227
Loop91	SHSU.bins.499
Loop91	SHSU.bins.544
Loop91	UTK.bins.200
Loop91	SHSU.bins.201
Loop91	SHSU.bins.221
Loop91	SHSU.bins.175
Loop91	SHSU_active.final.81
Loop91	SHSU.bins.164
Loop91	CMU.bins.196
Loop91	SHSU.bins.52
Loop91	SHSU.bins.220
Loop91	UTK_active.final.18
Loop92	CMU.bins.160
Loop92	CMU.bins.130
Loop92	SHSU.bins.72
Loop92	UTK.bins.107
Loop92	SHSU.bins.101
Loop92	SHSU.bins.195
Loop92	UTK.bins.61
Loop92	CMU.bins.235
Loop92	UTK.bins.77
Loop92	SHSU.bins.84
Loop92	SHSU.bins.455
Loop92	SHSU.bins.353
Loop92	SHSU.bins.466
Loop92	SHSU.bins.531
Loop92	SHSU.bins.492
Loop92	SHSU.bins.453
Loop92	CMU.bins.171
Loop92	SHSU_advanced.final.149
Loop92	SHSU_advanced.final.35
Loop92	SHSU.bins.79
Loop93	CMU.bins.307
Loop93	CMU_early.final.61
Loop93	CMU.bins.107
Loop93	SHSU_advanced.final.136
Loop93	SHSU_active.final.52
Loop93	CMU_advanced.final.13
Loop93	SHSU.bins.420
Loop93	SHSU.bins.18
Loop93	UTK.bins.61
Loop93	SHSU.bins.150
Loop93	CMU.bins.264
Loop93	SHSU.bins.512
Loop93	SHSU.bins.292
Loop93	UTK.bins.192
Loop93	SHSU.bins.39
Loop93	SHSU.bins.403
Loop93	SHSU.bins.412
Loop93	SHSU.bins.438
Loop93	CMU.bins.146
Loop93	SHSU.bins.59
Loop94	UTK_advanced.final.34
Loop94	SHSU.bins.562
Loop94	SHSU.bins.412
Loop94	CMU.bins.340
Loop94	SHSU.bins.499
Loop94	SHSU.bins.39
Loop94	SHSU.bins.195
Loop94	CMU.bins.261
Loop94	SHSU.bins.361
Loop94	SHSU_advanced.final.156
Loop94	SHSU.bins.36
Loop94	SHSU.bins.68
Loop94	SHSU_advanced.final.35
Loop94	SHSU.bins.162
Loop94	UTK_active.final.44
Loop94	SHSU.bins.380
Loop94	SHSU.bins.148
Loop94	CMU.bins.102
Loop94	SHSU.bins.263
Loop94	SHSU.bins.59
Loop95	UTK.bins.143
Loop95	SHSU.bins.221
Loop95	SHSU_active.final.134
Loop95	UTK.bins.61
Loop95	SHSU.bins.562
Loop95	UTK.bins.15
Loop95	SHSU.bins.181
Loop95	UTK.bins.71
Loop95	UTK.bins.42
Loop95	CMU.bins.300
Loop95	SHSU.bins.89
Loop95	SHSU_advanced.final.240
Loop95	SHSU.bins.531
Loop95	SHSU.bins.68
Loop95	CMU.bins.119
Loop95	UTK.bins.77
Loop95	SHSU.bins.420
Loop95	SHSU.bins.217
Loop95	SHSU.bins.190
Loop95	SHSU.bins.466
Loop96	SHSU.bins.403
Loop96	CMU_early.final.5
Loop96	SHSU.bins.420
Loop96	SHSU_advanced.final.227
Loop96	SHSU.bins.235
Loop96	SHSU.bins.512
Loop96	SHSU.bins.459
Loop96	SHSU.bins.549
Loop96	SHSU_advanced.final.170
Loop96	SHSU.bins.47
Loop96	SHSU_active.final.30
Loop96	SHSU.bins.88
Loop96	SHSU_advanced.final.183
Loop96	SHSU.bins.277
Loop96	SHSU.bins.170
Loop96	CMU.bins.62
Loop96	UTK.bins.77
Loop96	SHSU_advanced.final.42
Loop96	SHSU.bins.105
Loop96	SHSU_advanced.final.240
Loop97	CMU.bins.9
Loop97	CMU.bins.99
Loop97	CMU.bins.204
Loop97	SHSU.bins.330
Loop97	SHSU.bins.88
Loop97	CMU_early.final.61
Loop97	SHSU.bins.204
Loop97	SHSU.bins.544
Loop97	CMU_active.final.40
Loop97	SHSU.bins.237
Loop97	SHSU.bins.39
Loop97	SHSU.bins.59
Loop97	SHSU.bins.195
Loop97	SHSU.bins.175
Loop97	SHSU.bins.403
Loop97	SHSU.bins.443
Loop97	UTK.bins.64
Loop97	SHSU.bins.263
Loop97	UTK.bins.184
Loop97	SHSU.bins.22
Loop98	SHSU.bins.402
Loop98	SHSU.bins.292
Loop98	SHSU.bins.237
Loop98	SHSU_active.final.139
Loop98	SHSU.bins.48
Loop98	SHSU.bins.530
Loop98	SHSU.bins.83
Loop98	SHSU.bins.27
Loop98	UTK.bins.42
Loop98	CMU_advanced.final.23
Loop98	CMU.bins.264
Loop98	SHSU.bins.403
Loop98	UTK.bins.143
Loop98	SHSU.bins.89
Loop98	SHSU_active.final.134
Loop98	UTK.bins.71
Loop98	SHSU_advanced.final.47
Loop98	UTK_active.final.44
Loop98	SHSU.bins.294
Loop98	CMU.bins.199
Loop99	SHSU.bins.264
Loop99	SHSU.bins.13
Loop99	UTK_active.final.8
Loop99	SHSU.bins.238
Loop99	UTK.bins.51
Loop99	SHSU_advanced.final.136
Loop99	CMU.bins.5
Loop99	SHSU.bins.164
Loop99	SHSU.bins.101
Loop99	SHSU.bins.181
Loop99	SHSU.bins.205
Loop99	SHSU.bins.477
Loop99	SHSU_active.final.81
Loop99	CMU.bins.31
Loop99	UTK.bins.71
Loop99	SHSU.bins.167
Loop99	CMU.bins.247
Loop99	SHSU.bins.556
Loop99	UTK.bins.58
Loop99	CMU.bins.181
Loop100	CMU.bins.62
Loop100	CMU.bins.256
Loop100	SHSU_advanced.final.260
Loop100	SHSU.bins.384
Loop100	SHSU_advanced.final.35
Loop100	SHSU.bins.380
Loop100	SHSU.bins.260
Loop100	SHSU.bins.556
Loop100	CMU.bins.130
Loop100	CMU.bins.67
Loop100	SHSU.bins.549
Loop100	SHSU.bins.382
Loop100	UTK.bins.43
Loop100	SHSU.bins.336
Loop100	SHSU.bins.190
Loop100	SHSU.bins.286
Loop100	SHSU.bins.149
Loop100	CMU.bins.126
Loop100	SHSU.bins.246
Loop100	SHSU.bins.534
